# fmn API schema — the AUTHORED layer (fm-vn6, plan §16.2 / §16.1)
#
# API_SCHEMA.tsv is extracted from the pinned Reference and regenerated by
# scripts/gen_api_schema.py; this file is its human-maintained companion and
# is EDITED BY HAND. Keeping them apart is the point: regenerating the
# bootstrap must never silently discard a ruling, and authoring a ruling must
# never require re-deriving 2276 rows of Reference surface.
#
# The effective schema is the two merged. fmn_conformance::schema is the
# reader; every generator consumes the merged form, so a row added here
# changes generated code and fails the drift gate until the code is
# regenerated. That is the mechanism behind "drift between the front doors is
# a build error" (§16.2).
#
# Section-tagged, tab-separated, std-parseable — no TOML/YAML/JSON dependency
# anywhere in the reader (the SUITE.lock doctrine).

[meta]
overlay_version	1

# ---------------------------------------------------------------------------
# [canonical] — Appendix C ruling C-9: public-surface typos.
#
# "canonical names in the schema; exact-name aliases in fmn-python". The Rust
# front door and the docs use the canonical name and ONLY the canonical name;
# fmn-python binds BOTH, so a source-unedited manim scene calling
# `mob.add_event_listner(...)` keeps working while new code reads correctly.
# The alias is never deprecated away: it is the Reference's public surface and
# the product contract is API compatibility (AGENTS.md "Backwards
# Compatibility" names the manim surface as a standing exception to the
# no-shims rule).
#
# The plan's C-9 row names three examples. The extracted schema shows the real
# extent is 26 symbols and 2 parameters — `listner` is systematic across the
# whole event surface, not a one-off. Every one is listed; the count is the
# point, since a partial rename would be worse than none.
#
# reference_symbol	canonical_name	ruling	note
[canonical]
manimlib.event_handler.event_dispatcher:EventDispatcher.add_listner	add_listener	C-9	-
manimlib.event_handler.event_dispatcher:EventDispatcher.get_listners_count	get_listeners_count	C-9	-
manimlib.event_handler.event_dispatcher:EventDispatcher.remove_listner	remove_listener	C-9	-
manimlib.mobject.geometry:Arrow.tickness_multiplier	thickness_multiplier	C-9	the plan's named example
manimlib.mobject.mobject:Mobject.add_event_listner	add_event_listener	C-9	-
manimlib.mobject.mobject:Mobject.add_key_press_listner	add_key_press_listener	C-9	-
manimlib.mobject.mobject:Mobject.add_key_release_listner	add_key_release_listener	C-9	-
manimlib.mobject.mobject:Mobject.add_mouse_drag_listner	add_mouse_drag_listener	C-9	-
manimlib.mobject.mobject:Mobject.add_mouse_motion_listner	add_mouse_motion_listener	C-9	-
manimlib.mobject.mobject:Mobject.add_mouse_press_listner	add_mouse_press_listener	C-9	-
manimlib.mobject.mobject:Mobject.add_mouse_release_listner	add_mouse_release_listener	C-9	-
manimlib.mobject.mobject:Mobject.add_mouse_scroll_listner	add_mouse_scroll_listener	C-9	-
manimlib.mobject.mobject:Mobject.clear_event_listners	clear_event_listeners	C-9	-
manimlib.mobject.mobject:Mobject.get_event_listners	get_event_listeners	C-9	the plan's named example
manimlib.mobject.mobject:Mobject.get_family_event_listners	get_family_event_listeners	C-9	-
manimlib.mobject.mobject:Mobject.get_has_event_listner	get_has_event_listener	C-9	-
manimlib.mobject.mobject:Mobject.init_event_listners	init_event_listeners	C-9	-
manimlib.mobject.mobject:Mobject.remove_event_listner	remove_event_listener	C-9	-
manimlib.mobject.mobject:Mobject.remove_key_press_listner	remove_key_press_listener	C-9	-
manimlib.mobject.mobject:Mobject.remove_key_release_listner	remove_key_release_listener	C-9	-
manimlib.mobject.mobject:Mobject.remove_mouse_drag_listner	remove_mouse_drag_listener	C-9	-
manimlib.mobject.mobject:Mobject.remove_mouse_motion_listner	remove_mouse_motion_listener	C-9	-
manimlib.mobject.mobject:Mobject.remove_mouse_press_listner	remove_mouse_press_listener	C-9	-
manimlib.mobject.mobject:Mobject.remove_mouse_release_listner	remove_mouse_release_listener	C-9	-
manimlib.mobject.mobject:Mobject.remove_mouse_scroll_listner	remove_mouse_scroll_listener	C-9	-
manimlib.mobject.numbers:char_to_cahced_mob	char_to_cached_mob	C-9	the plan's named example

# ---------------------------------------------------------------------------
# [param_canonical] — the same ruling, one level down.
#
# owner	reference_param	canonical_name	ruling
[param_canonical]
manimlib.event_handler.event_dispatcher:EventDispatcher.add_listner	event_listner	event_listener	C-9
manimlib.event_handler.event_dispatcher:EventDispatcher.remove_listner	event_listner	event_listener	C-9

# ---------------------------------------------------------------------------
# [optional_config] — keys with no default, which therefore cannot be
# extracted.
#
# The extractor reads the shipped defaults document, so it can only see keys
# that have a default line. An OPTIONAL key has none by definition: the typed
# layer accepts it as `None`, and the document carries it as a commented
# example (`# position: (500, 500)`). Leaving them out would make the schema
# quietly smaller than the real surface — the typed layer reads them, so the
# schema must know them. Declared here, merged into the key set with no
# default.
#
# path	kind	reference
[optional_config]
directories.removed_mirror_prefix	string	1
window.position	tuple	1
window.size	tuple	1

# ---------------------------------------------------------------------------
# [config_binding] — the kwargs displacement (§15.1, D-05 adjacency).
#
# Each row binds one config key to the Rust field that carries it and the
# typed accessor that extracts it. THIS IS THE SOURCE from which
# crates/fmn-config/src/generated.rs is produced; W1CONF hand-wrote that
# extraction and this bead swaps in the generated form, so the config surface
# has exactly one definition instead of two that can drift.
#
# The outer Config field is the path's first segment for nested keys and the
# path itself for top-level ones — derived, not stored, so it cannot disagree.
# Row ORDER is the emission order of the generated struct literal.
#
# `resolution_options.4k` is the one key whose document name is not a legal
# Rust identifier; it binds to `uhd`, which is also what the CLI's --uhd
# selects. That asymmetry is exactly why the binding is written down.
#
# path	struct	field	accessor
[config_binding]
directories.mirror_module_path	DirectoriesConfig	mirror_module_path	bool
directories.base	DirectoriesConfig	base	string
directories.subdirs	DirectoriesConfig	subdirs	string_map
directories.cache	DirectoriesConfig	cache	string
directories.removed_mirror_prefix	DirectoriesConfig	removed_mirror_prefix	opt_string
window.position_string	WindowConfig	position_string	string
window.monitor_index	WindowConfig	monitor_index	u32
window.full_screen	WindowConfig	full_screen	bool
window.position	WindowConfig	position	opt_tuple_i64
window.size	WindowConfig	size	opt_tuple_u32
camera.resolution	CameraConfig	resolution	tuple_u32
camera.background_color	CameraConfig	background_color	string
camera.fps	CameraConfig	fps	u32
camera.background_opacity	CameraConfig	background_opacity	f64
file_writer.ffmpeg_bin	FileWriterConfig	ffmpeg_bin	string
file_writer.video_codec	FileWriterConfig	video_codec	string
file_writer.pixel_format	FileWriterConfig	pixel_format	string
file_writer.saturation	FileWriterConfig	saturation	f64
file_writer.gamma	FileWriterConfig	gamma	f64
scene.show_animation_progress	SceneConfig	show_animation_progress	bool
scene.leave_progress_bars	SceneConfig	leave_progress_bars	bool
scene.preview_while_skipping	SceneConfig	preview_while_skipping	bool
scene.default_wait_time	SceneConfig	default_wait_time	f64
vmobject.default_stroke_width	VMobjectConfig	default_stroke_width	f64
vmobject.default_stroke_color	VMobjectConfig	default_stroke_color	string
vmobject.default_fill_color	VMobjectConfig	default_fill_color	string
mobject.default_mobject_color	MobjectConfig	default_mobject_color	string
mobject.default_light_color	MobjectConfig	default_light_color	string
tex.template	TexConfig	template	string
tex.font_size_for_unit_height	TexConfig	font_size_for_unit_height	f64
text.font	TextConfig	font	string
text.alignment	TextConfig	alignment	string
text.font_size_for_unit_height	TextConfig	font_size_for_unit_height	f64
embed.exception_mode	EmbedConfig	exception_mode	string
embed.autoreload	EmbedConfig	autoreload	bool
resolution_options.low	ResolutionOptions	low	tuple_u32
resolution_options.med	ResolutionOptions	med	tuple_u32
resolution_options.high	ResolutionOptions	high	tuple_u32
resolution_options.4k	ResolutionOptions	uhd	tuple_u32
sizes.frame_height	SizesConfig	frame_height	f64
sizes.small_buff	SizesConfig	small_buff	f64
sizes.med_small_buff	SizesConfig	med_small_buff	f64
sizes.med_large_buff	SizesConfig	med_large_buff	f64
sizes.large_buff	SizesConfig	large_buff	f64
sizes.default_mobject_to_edge_buff	SizesConfig	default_mobject_to_edge_buff	f64
sizes.default_mobject_to_mobject_buff	SizesConfig	default_mobject_to_mobject_buff	f64
key_bindings	Config	key_bindings	string_map
colors	Config	colors	string_map
log_level	Config	log_level	log_level
universal_import_line	Config	universal_import_line	string
ignore_manimlib_modules_on_reload	Config	ignore_manimlib_modules_on_reload	bool
determinism.mode	DeterminismConfig	mode	determinism_mode
determinism.seed	DeterminismConfig	seed	u64
render.engine	RenderConfig	engine	engine
render.aa	RenderConfig	aa	aa_policy
render.threads	RenderConfig	threads	thread_policy

# ---------------------------------------------------------------------------
# [status] — the §16.1 semantic tier, per symbol.
#
# Vocabulary: same | improved | tiered | excluded | unreviewed.
# `improved` carries a Behavior Note; `tiered` and `excluded` carry the
# reason. Anything absent from this section reads as `unreviewed` — which is
# the honest default for a surface of 2276 symbols nobody has adjudicated yet,
# and the number the Parity Ledger (fm-iz4) ratchets down over the program.
#
# Seeded here with the rulings that already exist in Appendix C and the
# Behavior Notes, so the mechanism is exercised by real rows rather than by a
# placeholder.
#
# symbol	status	evidence
[status]
manimlib.mobject.geometry:Line.get_arc_length	improved	BN-03
manimlib.mobject.mobject:Mobject.add_updater	improved	BN-07
manimlib.mobject.mobject:Mobject.set_z_index	same	docs/RENDER_ORDER.md
manimlib.animation.composition:AnimationGroup.interpolate	improved	BN-11
manimlib.animation.composition:Succession.interpolate	improved	BN-11
manimlib.mobject.geometry:Arc	improved	BN-09
manimlib.mobject.svg.brace:Brace	improved	BN-08
manimlib.mobject.numbers:DecimalNumber	improved	BN-08
manimlib.mobject.matrix:Matrix	improved	BN-08
manimlib.scene.scene:Scene.add_sound	improved	BN-14
manimlib.mobject.types.vectorized_mobject:VMobject.use_winding_fill	excluded	C-7 documented no-op; our fill never needed it
manimlib.mobject.types.vectorized_mobject:VMobject.set_color_by_code	excluded	arbitrary GLSL is out of the compatibility claim (README Limitations)

# ---------------------------------------------------------------------------
# [flag_binding] — rulings and generated-parser identities for every extracted
# Reference flag.
#
# The first field is the exact `API_SCHEMA.tsv [flags]` key. Coverage is
# fail-closed: every extracted row must appear exactly once, and a stale key is
# a DanglingOverlay error. `binding` is the stable identity used by generated
# Rust and by [flag_interaction]; it is not inferred from argparse's sometimes
# implicit `dest`.
#
# options	status	command	binding	note
[flag_binding]
--autoreload	tiered	render	autoreload	re-specified as supervised Studio worker reload
--clear-cache	improved	global	clear_cache	safe content-store lifecycle operation
--config_file	same	global	config_file	defaults then user file then CLI precedence
--file_name	same	render	file_name	explicit output stem
--finder	improved	render	finder	portable reveal-in-file-manager action
--fps	same	render	fps	positive integer frame rate
--hd	same	render	hd	1080p resolution preset
--leave_progress_bars	same	render	leave_progress_bars	human progress policy
--log-level	same	global	log_level	stable log-level vocabulary
--pix_fmt	same	render	pix_fmt	explicit ffmpeg wire pixel format
--prerun	improved	render	prerun	deterministic count-only scene pass
--show_animation_progress	same	render	show_animation_progress	per-animation human progress
--subdivide	same	render	subdivide	one output per animation segment
--uhd	same	render	uhd	2160p resolution preset
--vcodec	same	render	vcodec	explicit ffmpeg encoder
--video_dir	same	render	video_dir	explicit output directory
-a,--write_all	same	render	write_all	select every scene in declaration order
-c,--color	same	render	background	explicit background color
-e,--embed	tiered	render	embed	Python front door or Studio breakpoint only
-f,--full_screen	same	render	full_screen	fullscreen interactive presentation
-i,--gif	same	render	gif	native GIF output
-l,--low_quality	same	render	low_quality	480p resolution preset
-m,--medium_quality	same	render	medium_quality	720p resolution preset
-n,--start_at_animation_number	improved	render	animation_range	validated start or half-open start,end play range
-o,--open	improved	render	open	portable host open action
-p,--presenter_mode	same	render	presenter_mode	presenter-controlled waits
-q,--quiet	same	global	quiet	suppress human decoration only
-r,--resolution	improved	render	resolution	validated WIDTHxHEIGHT override
-s,--skip_animations	same	render	skip_animations	capture the final state
-t,--transparent	improved	render	transparent	alpha-capable output negotiation
-v,--version	same	global	version	stable version report
-w,--write_file	same	render	write_file	durable output instead of preview-only
file	same	render	file	scene source path
scene_names	same	render	scene_names	explicit scene-name selection

# ---------------------------------------------------------------------------
# [native_flags] — FrankenManim additions. These are authored because they do
# not exist in the pinned Reference and therefore cannot be extracted.
#
# options	action	nargs	default	type	command	binding	status	help
[native_flags]
-h,--help	store_true	-	False	-	global	help	improved	Show command help and exit
--robot	store_true	-	False	-	global	robot	improved	Emit only schema-versioned NDJSON records
--reproducible	store_true	-	False	-	global	reproducible	improved	Select certified CPU rendering and canonical certified artifacts
--threads	store	-	-	usize	global	threads	improved	Bound render-team CPU threads
--ffmpeg	store	-	-	path	global	ffmpeg	improved	Absolute path to the optional ffmpeg executable
--cache-dir	store	-	-	path	global	cache_dir	improved	Explicit FrankenManim content-store root
--format	store	-	auto	output_format	render	format	improved	Select auto, png, png-sequence, gif, y4m, wav, or video output
--math-pack	store	-	default	pack	render	math_pack	improved	Select an fmd-math preamble pack
--budget-ms	store	-	-	u64	batch	budget_ms	improved	Wall-clock budget for the batch
--max-scenes	store	-	-	usize	batch	max_scenes	improved	Bound simultaneously active scene jobs
--fail-fast	store_true	-	False	-	batch	fail_fast	improved	Cancel remaining jobs after the first failure
--manifest-dir	store	-	-	path	batch	manifest_dir	improved	Write per-scene manifests under this directory
--require-ffmpeg	store_true	-	False	-	doctor	require_ffmpeg	improved	Exit with capability status when ffmpeg is unavailable
--bind	store	-	127.0.0.1	ip	studio	bind	improved	Loopback address for the Studio host
--port	store	-	0	u16	studio	port	improved	Studio TCP port, with zero selecting an ephemeral port
--no-browser	store_true	-	False	-	studio	no_browser	improved	Do not launch the host browser
--tui	store_true	-	False	-	studio	tui	improved	Attach the kitty or sixel terminal client
--checkpoint-frames	store	-	120	u64	studio	checkpoint_frames	improved	Maximum frames between replay checkpoints
--preview-codec	store	-	png	preview_codec	studio	preview_codec	improved	Select permanent multipart PNG or optional MJPEG preview

# ---------------------------------------------------------------------------
# [subcommands] — the native command tree. `render` is also the default when
# the first non-option token is not a command name.
#
# command	status	help
[subcommands]
render	same	Render one or more selected scenes
doctor	improved	Report capabilities and the derived ExecutionPlan
batch	improved	Render a bounded multi-scene farm under asupersync
studio	improved	Run the isolated-worker live Studio

# ---------------------------------------------------------------------------
# [exit_codes] — stable process statuses shared by human and robot modes.
#
# code	name	meaning
[exit_codes]
0	success	The requested command completed
2	usage	Arguments, flag interactions, or selection syntax are invalid
3	config	A configuration file or resolved value is invalid
4	capability	A required optional capability is unavailable
5	scene	Scene discovery, construction, or execution failed
6	render	Rasterization, output, or publication failed
7	cancelled	The operation was cooperatively cancelled
8	budget	A declared time, memory, or concurrency budget was exhausted
70	internal	An invariant failed inside FrankenManim

# ---------------------------------------------------------------------------
# [flag_interaction] — executable rules over stable binding identities.
#
# `implies` is non-failing and therefore uses `-` for exit_code. All other
# rules name a declared exit code. The generated parser executes these rows;
# its tests enumerate them rather than duplicating the policy in prose.
#
# id	kind	operands	exit_code	message
[flag_interaction]
quality-exclusive	at_most_one	low_quality|medium_quality|hd|uhd|resolution	usage	choose at most one quality preset or explicit resolution
open-writes	implies	open|write_file	-	--open implies durable output
finder-writes	implies	finder|write_file	-	--finder implies durable output
gif-writes	implies	gif|write_file	-	--gif implies durable output
transparent-writes	implies	transparent|write_file	-	--transparent implies durable output
codec-writes	implies	vcodec|write_file	-	--vcodec implies durable output
pixel-format-writes	implies	pix_fmt|write_file	-	--pix_fmt implies durable output
subdivide-writes	implies	subdivide|write_file	-	--subdivide implies durable output
filename-writes	implies	file_name|write_file	-	--file_name implies durable output
video-directory-writes	implies	video_dir|write_file	-	--video_dir implies durable output
skip-vs-subdivide	conflicts	skip_animations|subdivide	usage	--skip_animations cannot produce per-animation subdivisions
write-all-vs-selection	conflicts	write_all|scene_names	usage	--write_all cannot accompany explicit scene names
embed-vs-certified	conflicts	embed|reproducible	usage	interactive embed points are outside certified execution
reload-vs-certified	conflicts	autoreload|reproducible	usage	a changing source tree is outside one certified input closure
clear-cache-only	exclusive	clear_cache	usage	--clear-cache is a standalone lifecycle action
version-only	exclusive	version	usage	--version is a standalone query
help-only	exclusive	help	usage	--help is a standalone query for the selected command
