# The coverage-ratchet baseline (fm-mol). Counts are exact; the
# four public percentages derive from them. Regenerate with
# RATCHET_UPDATE=1 (needs the private corpus); the always-on CI
# test pins this file to the SUITE.lock franken_markdown rev.
rules_version	1
corpus_hash	a8325e49e0ce78fcc735533952740e9adeaaa5cb10f9c13d73aaa3ba4bf883fc
franken_markdown_rev	68fe29b8af0ddb763a7bf25af3b9c8307122d9d6
unique_total	9269
occurrence_total	17711
parse_unique	9268
parse_occurrences	17710
layout_unique	9268
layout_occurrences	17710
