# fmn.portal-dispatch v1: generated by scripts/portal_dispatch_table.py; do not edit
symbol	resolved_in	origin	depth	layers
Animation.__init__	Animation	semantics	1	semantics
Animation.begin	Animation	semantics	1	semantics
Animation.clean_up_from_scene	Animation	semantics	1	semantics
Animation.copy	Animation	semantics	1	semantics
Animation.create_starting_mobject	Animation	semantics	1	semantics
Animation.finish	Animation	semantics	1	semantics
Animation.get_all_families_zipped	Animation	semantics	1	semantics
Animation.get_all_mobjects	Animation	semantics	1	semantics
Animation.get_all_mobjects_to_update	Animation	semantics	1	semantics
Animation.get_rate_func	Animation	semantics	1	semantics
Animation.get_run_time	Animation	fmn_python.live_rates	1	fmn_python.live_rates
Animation.get_sub_alpha	Animation	semantics	1	semantics
Animation.interpolate	Animation	semantics	1	semantics
Animation.interpolate_mobject	Animation	semantics	1	semantics
Animation.interpolate_submobject	Animation	semantics	1	semantics
Animation.is_remover	Animation	semantics	1	semantics
Animation.set_name	Animation	semantics	1	semantics
Animation.set_rate_func	Animation	semantics	1	semantics
Animation.set_run_time	Animation	semantics	1	semantics
Animation.time_spanned_alpha	Animation	semantics	1	semantics
Animation.update	Animation	semantics	1	semantics
Animation.update_mobjects	Animation	semantics	1	semantics
Animation.update_rate_info	Animation	fmn_python.live_rates	1	fmn_python.live_rates
AnimationGroup.__init__	AnimationGroup	semantics	2	semantics > bootstrap
AnimationGroup.begin	AnimationGroup	semantics	1	semantics
AnimationGroup.build_animations_with_timings	AnimationGroup	bootstrap	1	bootstrap
AnimationGroup.calculate_max_end_time	AnimationGroup	bootstrap	1	bootstrap
AnimationGroup.clean_up_from_scene	AnimationGroup	semantics	1	semantics
AnimationGroup.finish	AnimationGroup	semantics	1	semantics
AnimationGroup.get_all_mobjects	AnimationGroup	semantics	1	semantics
AnimationGroup.interpolate	AnimationGroup	semantics	1	semantics
AnimationGroup.update_mobjects	AnimationGroup	semantics	1	semantics
LaggedStart.__init__	AnimationGroup	semantics	2	semantics > bootstrap
LaggedStartMap.__init__	LaggedStartMap	fmn_python.composite_effects	1	fmn_python.composite_effects
Succession.__init__	AnimationGroup	semantics	2	semantics > bootstrap
Succession.begin	AnimationGroup	semantics	1	semantics
Succession.finish	AnimationGroup	semantics	1	semantics
Succession.interpolate	AnimationGroup	semantics	1	semantics
Succession.update_mobjects	AnimationGroup	semantics	1	semantics
AddTextWordByWord.__init__	AddTextWordByWord	fmn_python.text_reveal	2	fmn_python.text_reveal > bootstrap
AddTextWordByWord.clean_up_from_scene	Animation	semantics	1	semantics
DrawBorderThenFill.__init__	DrawBorderThenFill	bootstrap	1	bootstrap
DrawBorderThenFill.begin	DrawBorderThenFill	semantics	1	semantics
DrawBorderThenFill.finish	DrawBorderThenFill	semantics	1	semantics
DrawBorderThenFill.get_all_mobjects	DrawBorderThenFill	semantics	1	semantics
DrawBorderThenFill.get_outline	DrawBorderThenFill	semantics	1	semantics
DrawBorderThenFill.interpolate_submobject	DrawBorderThenFill	semantics	1	semantics
ShowCreation.__init__	ShowCreation	bootstrap	1	bootstrap
ShowCreation.get_bounds	ShowCreation	bootstrap	1	bootstrap
ShowIncreasingSubsets.__init__	ShowIncreasingSubsets	fmn_python.subset_reveal	1	fmn_python.subset_reveal
ShowIncreasingSubsets.interpolate_mobject	ShowIncreasingSubsets	fmn_python.subset_reveal	1	fmn_python.subset_reveal
ShowIncreasingSubsets.update_submobject_list	ShowIncreasingSubsets	fmn_python.subset_reveal	1	fmn_python.subset_reveal
ShowPartial.__init__	ShowPartial	bootstrap	1	bootstrap
ShowPartial.get_bounds	ShowPartial	bootstrap	1	bootstrap
ShowPartial.interpolate_submobject	ShowPartial	semantics	1	semantics
ShowSubmobjectsOneByOne.__init__	ShowIncreasingSubsets	fmn_python.subset_reveal	1	fmn_python.subset_reveal
ShowSubmobjectsOneByOne.update_submobject_list	ShowIncreasingSubsets	fmn_python.subset_reveal	1	fmn_python.subset_reveal
Uncreate.__init__	Uncreate	semantics	1	semantics
Write.__init__	Write	semantics	2	semantics > bootstrap
Write.compute_lag_ratio	Write	bootstrap	1	bootstrap
Write.compute_run_time	Write	bootstrap	1	bootstrap
Fade.__init__	Fade	bootstrap	1	bootstrap
FadeIn.create_starting_mobject	FadeIn	bootstrap	1	bootstrap
FadeIn.create_target	FadeIn	bootstrap	1	bootstrap
FadeInFromPoint.__init__	FadeInFromPoint	bootstrap	1	bootstrap
FadeOut.__init__	FadeOut	fmn_python.fading	1	fmn_python.fading
FadeOut.create_target	FadeOut	bootstrap	1	bootstrap
FadeOutToPoint.__init__	FadeOutToPoint	bootstrap	1	bootstrap
FadeTransform.__init__	FadeTransform	fmn_python.fading	1	fmn_python.fading
FadeTransform.begin	FadeTransform	fmn_python.fading	1	fmn_python.fading
FadeTransform.clean_up_from_scene	FadeTransform	fmn_python.fading	1	fmn_python.fading
FadeTransform.get_all_families_zipped	FadeTransform	fmn_python.fading	1	fmn_python.fading
FadeTransform.get_all_mobjects	FadeTransform	fmn_python.fading	1	fmn_python.fading
FadeTransform.ghost_to	FadeTransform	semantics	1	semantics
FadeTransformPieces.begin	FadeTransformPieces	fmn_python.fading	1	fmn_python.fading
FadeTransformPieces.ghost_to	FadeTransformPieces	semantics	1	semantics
VFadeIn.__init__	VFadeIn	bootstrap	1	bootstrap
VFadeIn.interpolate_submobject	VFadeIn	fmn_python.fading	1	fmn_python.fading
VFadeInThenOut.__init__	VFadeInThenOut	bootstrap	1	bootstrap
VFadeOut.__init__	VFadeOut	bootstrap	1	bootstrap
VFadeOut.interpolate_submobject	VFadeOut	fmn_python.fading	1	fmn_python.fading
GrowArrow.__init__	GrowArrow	bootstrap	1	bootstrap
GrowFromCenter.__init__	GrowFromCenter	bootstrap	1	bootstrap
GrowFromEdge.__init__	GrowFromEdge	bootstrap	1	bootstrap
GrowFromPoint.__init__	GrowFromPoint	bootstrap	1	bootstrap
GrowFromPoint.create_starting_mobject	GrowFromPoint	bootstrap	1	bootstrap
GrowFromPoint.create_target	GrowFromPoint	bootstrap	1	bootstrap
AnimationOnSurroundingRectangle.__init__	AnimationOnSurroundingRectangle	bootstrap	1	bootstrap
ApplyWave.__init__	ApplyWave	fmn_python.indication	1	fmn_python.indication
CircleIndicate.__init__	CircleIndicate	bootstrap	1	bootstrap
Flash.__init__	Flash	fmn_python.composite_effects	1	fmn_python.composite_effects
Flash.create_line_anims	Flash	fmn_python.composite_effects	1	fmn_python.composite_effects
Flash.create_lines	Flash	fmn_python.composite_effects	1	fmn_python.composite_effects
FlashAround.__init__	FlashAround	bootstrap	1	bootstrap
FlashAround.get_path	FlashAround	bootstrap	1	bootstrap
FlashUnder.get_path	FlashUnder	bootstrap	1	bootstrap
FlashyFadeIn.__init__	FlashyFadeIn	fmn_python.composite_effects	2	fmn_python.composite_effects > bootstrap
FocusOn.__init__	FocusOn	bootstrap	1	bootstrap
FocusOn.create_starting_mobject	FocusOn	bootstrap	1	bootstrap
FocusOn.create_target	FocusOn	bootstrap	1	bootstrap
Indicate.__init__	Indicate	bootstrap	1	bootstrap
Indicate.create_target	Indicate	bootstrap	1	bootstrap
ShowCreationThenDestruction.__init__	ShowCreationThenDestruction	bootstrap	1	bootstrap
ShowCreationThenFadeOut.__init__	ShowCreationThenFadeOut	bootstrap	1	bootstrap
ShowPassingFlash.__init__	ShowPassingFlash	semantics	1	semantics
ShowPassingFlash.finish	ShowPassingFlash	semantics	2	semantics > semantics
ShowPassingFlash.get_bounds	ShowPassingFlash	bootstrap	1	bootstrap
TurnInsideOut.__init__	TurnInsideOut	bootstrap	1	bootstrap
TurnInsideOut.create_target	TurnInsideOut	bootstrap	1	bootstrap
VShowPassingFlash.__init__	VShowPassingFlash	fmn_python.indication	1	fmn_python.indication
VShowPassingFlash.begin	VShowPassingFlash	fmn_python.movement	1	fmn_python.movement
VShowPassingFlash.finish	VShowPassingFlash	fmn_python.indication	2	fmn_python.indication > fmn_python.movement
VShowPassingFlash.interpolate_submobject	VShowPassingFlash	fmn_python.indication	1	fmn_python.indication
VShowPassingFlash.taper_kernel	VShowPassingFlash	bootstrap	1	bootstrap
WiggleOutThenIn.__init__	WiggleOutThenIn	bootstrap	1	bootstrap
WiggleOutThenIn.get_rotate_about_point	WiggleOutThenIn	bootstrap	1	bootstrap
WiggleOutThenIn.get_scale_about_point	WiggleOutThenIn	bootstrap	1	bootstrap
WiggleOutThenIn.interpolate_submobject	WiggleOutThenIn	fmn_python.indication	1	fmn_python.indication
ComplexHomotopy.__init__	ComplexHomotopy	bootstrap	1	bootstrap
Homotopy.__init__	Homotopy	bootstrap	1	bootstrap
Homotopy.function_at_time_t	Homotopy	bootstrap	1	bootstrap
Homotopy.interpolate_submobject	Homotopy	bootstrap	1	bootstrap
MoveAlongPath.__init__	MoveAlongPath	bootstrap	1	bootstrap
MoveAlongPath.interpolate_mobject	MoveAlongPath	bootstrap	1	bootstrap
PhaseFlow.__init__	PhaseFlow	fmn_python.movement	1	fmn_python.movement
PhaseFlow.interpolate_mobject	PhaseFlow	bootstrap	1	bootstrap
ChangeDecimalToValue.__init__	ChangeDecimalToValue	bootstrap	1	bootstrap
ChangingDecimal.__init__	ChangingDecimal	bootstrap	1	bootstrap
ChangingDecimal.interpolate_mobject	ChangingDecimal	bootstrap	1	bootstrap
CountInFrom.__init__	CountInFrom	bootstrap	1	bootstrap
Rotate.__init__	Rotate	bootstrap	1	bootstrap
Rotating.__init__	Rotating	bootstrap	1	bootstrap
Rotating.interpolate_mobject	Rotating	semantics	2	semantics > bootstrap
Broadcast.__init__	Broadcast	fmn_python.composite_effects	2	fmn_python.composite_effects > bootstrap
ApplyComplexFunction.__init__	ApplyComplexFunction	bootstrap	1	bootstrap
ApplyComplexFunction.init_path_func	ApplyComplexFunction	fmn_python.playback	1	fmn_python.playback
ApplyFunction.__init__	ApplyFunction	bootstrap	1	bootstrap
ApplyFunction.create_target	ApplyFunction	bootstrap	1	bootstrap
ApplyMatrix.__init__	ApplyMatrix	bootstrap	1	bootstrap
ApplyMatrix.initialize_matrix	ApplyMatrix	bootstrap	1	bootstrap
ApplyMethod.__init__	ApplyMethod	bootstrap	1	bootstrap
ApplyMethod.check_validity_of_input	ApplyMethod	bootstrap	1	bootstrap
ApplyMethod.create_target	ApplyMethod	bootstrap	1	bootstrap
ApplyPointwiseFunction.__init__	ApplyPointwiseFunction	bootstrap	1	bootstrap
ApplyPointwiseFunctionToCenter.__init__	ApplyPointwiseFunctionToCenter	bootstrap	1	bootstrap
ApplyPointwiseFunctionToCenter.create_target	ApplyPointwiseFunctionToCenter	bootstrap	1	bootstrap
CyclicReplace.__init__	CyclicReplace	fmn_python.playback	1	fmn_python.playback
CyclicReplace.create_target	CyclicReplace	fmn_python.playback	1	fmn_python.playback
FadeToColor.__init__	FadeToColor	bootstrap	1	bootstrap
MoveToTarget.__init__	MoveToTarget	bootstrap	1	bootstrap
MoveToTarget.check_validity_of_input	MoveToTarget	bootstrap	1	bootstrap
Restore.__init__	Restore	fmn_python.playback	1	fmn_python.playback
ScaleInPlace.__init__	ScaleInPlace	bootstrap	1	bootstrap
ShrinkToCenter.__init__	ShrinkToCenter	bootstrap	1	bootstrap
Transform.__init__	Transform	semantics	2	semantics > bootstrap
Transform.begin	Transform	fmn_python.raster_transform	2	fmn_python.raster_transform > semantics
Transform.check_target_mobject_validity	Transform	semantics	1	semantics
Transform.clean_up_from_scene	Transform	semantics	1	semantics
Transform.create_target	Transform	semantics	1	semantics
Transform.finish	Transform	fmn_python.raster_transform	2	fmn_python.raster_transform > semantics
Transform.get_all_families_zipped	Transform	semantics	1	semantics
Transform.get_all_mobjects	Transform	semantics	1	semantics
Transform.init_path_func	Transform	semantics	1	semantics
Transform.interpolate_submobject	Transform	semantics	1	semantics
Transform.update_config	Transform	bootstrap	1	bootstrap
TransformFromCopy.__init__	TransformFromCopy	semantics	1	semantics
_MethodAnimation.__init__	_MethodAnimation	bootstrap	1	bootstrap
TransformMatchingParts.__init__	TransformMatchingParts	fmn_python.matching	1	fmn_python.matching
TransformMatchingParts.add_transform	TransformMatchingParts	fmn_python.matching	1	fmn_python.matching
TransformMatchingParts.clean_up_from_scene	TransformMatchingParts	fmn_python.matching	1	fmn_python.matching
TransformMatchingParts.find_pairs_with_matching_shapes	TransformMatchingParts	fmn_python.matching	1	fmn_python.matching
TransformMatchingStrings.__init__	TransformMatchingStrings	fmn_python.matching	1	fmn_python.matching
TransformMatchingStrings.matching_blocks	TransformMatchingStrings	semantics	1	semantics
MaintainPositionRelativeTo.__init__	MaintainPositionRelativeTo	fmn_python.update_animations	3	fmn_python.update_animations > semantics > bootstrap
MaintainPositionRelativeTo.interpolate_mobject	MaintainPositionRelativeTo	fmn_python.update_animations	1	fmn_python.update_animations
UpdateFromAlphaFunc.__init__	UpdateFromAlphaFunc	bootstrap	1	bootstrap
UpdateFromAlphaFunc.interpolate_mobject	UpdateFromAlphaFunc	bootstrap	1	bootstrap
UpdateFromFunc.__init__	UpdateFromFunc	bootstrap	1	bootstrap
UpdateFromFunc.interpolate_mobject	UpdateFromFunc	bootstrap	1	bootstrap
Camera.__init__	Camera	bootstrap	1	bootstrap
Camera.blit	Camera	bootstrap	1	bootstrap
Camera.capture	Camera	fmn_python.camera_capture	1	fmn_python.camera_capture
Camera.clear	Camera	fmn_python.camera_capture	1	fmn_python.camera_capture
Camera.get_aspect_ratio	Camera	bootstrap	1	bootstrap
Camera.get_fbo	Camera	bootstrap	1	bootstrap
Camera.get_frame_center	Camera	bootstrap	1	bootstrap
Camera.get_frame_height	Camera	bootstrap	1	bootstrap
Camera.get_frame_shape	Camera	bootstrap	1	bootstrap
Camera.get_frame_width	Camera	bootstrap	1	bootstrap
Camera.get_image	Camera	bootstrap	1	bootstrap
Camera.get_location	Camera	bootstrap	1	bootstrap
Camera.get_pixel_array	Camera	fmn_python.camera_capture	1	fmn_python.camera_capture
Camera.get_pixel_height	Camera	bootstrap	1	bootstrap
Camera.get_pixel_shape	Camera	bootstrap	1	bootstrap
Camera.get_pixel_size	Camera	bootstrap	1	bootstrap
Camera.get_pixel_width	Camera	bootstrap	1	bootstrap
Camera.get_raw_fbo_data	Camera	bootstrap	1	bootstrap
Camera.get_texture	Camera	bootstrap	1	bootstrap
Camera.init_context	Camera	bootstrap	1	bootstrap
Camera.init_fbo	Camera	bootstrap	1	bootstrap
Camera.init_frame	Camera	bootstrap	1	bootstrap
Camera.init_light_source	Camera	bootstrap	1	bootstrap
Camera.refresh_uniforms	Camera	bootstrap	1	bootstrap
Camera.resize_frame_shape	Camera	bootstrap	1	bootstrap
Camera.use_window_fbo	Camera	bootstrap	1	bootstrap
ThreeDCamera.__init__	ThreeDCamera	bootstrap	1	bootstrap
CameraFrame.__init__	CameraFrame	fmn_python.camera_frame_lifecycle	1	fmn_python.camera_frame_lifecycle
CameraFrame.add_ambient_rotation	CameraFrame	bootstrap	1	bootstrap
CameraFrame.from_fixed_frame_point	CameraFrame	bootstrap	1	bootstrap
CameraFrame.get_aspect_ratio	CameraFrame	bootstrap	1	bootstrap
CameraFrame.get_center	CameraFrame	bootstrap	1	bootstrap
CameraFrame.get_euler_angles	CameraFrame	bootstrap	1	bootstrap
CameraFrame.get_field_of_view	CameraFrame	bootstrap	1	bootstrap
CameraFrame.get_focal_distance	CameraFrame	bootstrap	1	bootstrap
CameraFrame.get_gamma	CameraFrame	bootstrap	1	bootstrap
CameraFrame.get_height	CameraFrame	bootstrap	1	bootstrap
CameraFrame.get_implied_camera_location	CameraFrame	bootstrap	1	bootstrap
CameraFrame.get_inv_view_matrix	CameraFrame	bootstrap	1	bootstrap
CameraFrame.get_inverse_camera_rotation_matrix	CameraFrame	bootstrap	1	bootstrap
CameraFrame.get_orientation	CameraFrame	bootstrap	1	bootstrap
CameraFrame.get_phi	CameraFrame	bootstrap	1	bootstrap
CameraFrame.get_scale	CameraFrame	bootstrap	1	bootstrap
CameraFrame.get_shape	CameraFrame	bootstrap	1	bootstrap
CameraFrame.get_theta	CameraFrame	bootstrap	1	bootstrap
CameraFrame.get_view_matrix	CameraFrame	bootstrap	1	bootstrap
CameraFrame.get_width	CameraFrame	bootstrap	1	bootstrap
CameraFrame.increment_euler_angles	CameraFrame	bootstrap	1	bootstrap
CameraFrame.increment_gamma	CameraFrame	bootstrap	1	bootstrap
CameraFrame.increment_phi	CameraFrame	bootstrap	1	bootstrap
CameraFrame.increment_theta	CameraFrame	bootstrap	1	bootstrap
CameraFrame.interpolate	CameraFrame	semantics	1	semantics
CameraFrame.make_orientation_default	CameraFrame	bootstrap	1	bootstrap
CameraFrame.reorient	CameraFrame	bootstrap	1	bootstrap
CameraFrame.rotate	CameraFrame	bootstrap	1	bootstrap
CameraFrame.set_euler_angles	CameraFrame	bootstrap	1	bootstrap
CameraFrame.set_euler_axes	CameraFrame	bootstrap	1	bootstrap
CameraFrame.set_field_of_view	CameraFrame	bootstrap	1	bootstrap
CameraFrame.set_focal_distance	CameraFrame	bootstrap	1	bootstrap
CameraFrame.set_gamma	CameraFrame	bootstrap	1	bootstrap
CameraFrame.set_orientation	CameraFrame	bootstrap	1	bootstrap
CameraFrame.set_phi	CameraFrame	bootstrap	1	bootstrap
CameraFrame.set_theta	CameraFrame	bootstrap	1	bootstrap
CameraFrame.to_default_state	CameraFrame	bootstrap	1	bootstrap
CameraFrame.to_fixed_frame_point	CameraFrame	bootstrap	1	bootstrap
EventDispatcher.__init__	EventDispatcher	bootstrap	1	bootstrap
EventDispatcher.add_listner	EventDispatcher	bootstrap	1	bootstrap
EventDispatcher.dispatch	EventDispatcher	fmn_python.interaction	2	fmn_python.interaction > bootstrap
EventDispatcher.get_listners_count	EventDispatcher	bootstrap	1	bootstrap
EventDispatcher.get_mouse_drag_point	EventDispatcher	fmn_python.interaction	1	fmn_python.interaction
EventDispatcher.get_mouse_point	EventDispatcher	fmn_python.interaction	1	fmn_python.interaction
EventDispatcher.is_key_pressed	EventDispatcher	fmn_python.interaction	1	fmn_python.interaction
EventDispatcher.remove_listner	EventDispatcher	bootstrap	1	bootstrap
EventListener.__init__	EventListener	bootstrap	1	bootstrap
BlankScene.construct	BlankScene	bootstrap	1	bootstrap
Difference.__init__	Difference	bootstrap	1	bootstrap
Exclusion.__init__	Exclusion	bootstrap	1	bootstrap
Intersection.__init__	Intersection	bootstrap	1	bootstrap
Union.__init__	Union	bootstrap	1	bootstrap
AnimatedBoundary.__init__	AnimatedBoundary	bootstrap	1	bootstrap
AnimatedBoundary.full_family_become_partial	AnimatedBoundary	bootstrap	1	bootstrap
AnimatedBoundary.update_boundary_copies	AnimatedBoundary	bootstrap	1	bootstrap
TracedPath.__init__	TracedPath	fmn_python.traced_path	1	fmn_python.traced_path
TracedPath.update_path	TracedPath	fmn_python.traced_path	1	fmn_python.traced_path
TracingTail.__init__	TracingTail	fmn_python.traced_path	2	fmn_python.traced_path > bootstrap
Axes.__init__	Axes	fmn_python.coordinate_lifecycle	1	fmn_python.coordinate_lifecycle
Axes.add_coordinate_labels	Axes	fmn_python.coordinate_mapping	1	fmn_python.coordinate_mapping
Axes.coords_to_point	Axes	bootstrap	1	bootstrap
Axes.create_axis	Axes	bootstrap	1	bootstrap
Axes.get_all_ranges	Axes	bootstrap	1	bootstrap
Axes.get_axes	Axes	bootstrap	1	bootstrap
Axes.point_to_coords	Axes	fmn_python.coordinate_mapping	2	fmn_python.coordinate_mapping > bootstrap
ComplexPlane.add_coordinate_labels	ComplexPlane	fmn_python.coordinate_mapping	1	fmn_python.coordinate_mapping
ComplexPlane.get_default_coordinate_values	ComplexPlane	bootstrap	1	bootstrap
ComplexPlane.get_unit_size	ComplexPlane	bootstrap	1	bootstrap
ComplexPlane.n2p	ComplexPlane	bootstrap	1	bootstrap
ComplexPlane.number_to_point	ComplexPlane	bootstrap	1	bootstrap
ComplexPlane.p2n	ComplexPlane	bootstrap	1	bootstrap
ComplexPlane.point_to_number	ComplexPlane	bootstrap	1	bootstrap
CoordinateSystem.__init__	CoordinateSystem	bootstrap	1	bootstrap
CoordinateSystem.angle_of_tangent	CoordinateSystem	bootstrap	1	bootstrap
CoordinateSystem.bind_graph_to_func	CoordinateSystem	fmn_python.graphing	1	fmn_python.graphing
CoordinateSystem.c2p	CoordinateSystem	bootstrap	1	bootstrap
CoordinateSystem.coords_to_point	CoordinateSystem	bootstrap	1	bootstrap
CoordinateSystem.get_all_ranges	CoordinateSystem	bootstrap	1	bootstrap
CoordinateSystem.get_area_under_graph	CoordinateSystem	fmn_python.calculus	1	fmn_python.calculus
CoordinateSystem.get_axes	CoordinateSystem	bootstrap	1	bootstrap
CoordinateSystem.get_axis	CoordinateSystem	bootstrap	1	bootstrap
CoordinateSystem.get_axis_label	CoordinateSystem	bootstrap	1	bootstrap
CoordinateSystem.get_axis_labels	CoordinateSystem	bootstrap	1	bootstrap
CoordinateSystem.get_graph	CoordinateSystem	fmn_python.graphing	2	fmn_python.graphing > bootstrap
CoordinateSystem.get_graph_label	CoordinateSystem	bootstrap	1	bootstrap
CoordinateSystem.get_h_line	CoordinateSystem	bootstrap	1	bootstrap
CoordinateSystem.get_h_line_to_graph	CoordinateSystem	bootstrap	1	bootstrap
CoordinateSystem.get_line_from_axis_to_point	CoordinateSystem	bootstrap	1	bootstrap
CoordinateSystem.get_origin	CoordinateSystem	bootstrap	1	bootstrap
CoordinateSystem.get_parametric_curve	CoordinateSystem	bootstrap	1	bootstrap
CoordinateSystem.get_riemann_rectangles	CoordinateSystem	fmn_python.calculus	1	fmn_python.calculus
CoordinateSystem.get_scatterplot	CoordinateSystem	bootstrap	1	bootstrap
CoordinateSystem.get_tangent_line	CoordinateSystem	bootstrap	1	bootstrap
CoordinateSystem.get_v_line	CoordinateSystem	bootstrap	1	bootstrap
CoordinateSystem.get_v_line_to_graph	CoordinateSystem	bootstrap	1	bootstrap
CoordinateSystem.get_x_axis	CoordinateSystem	bootstrap	1	bootstrap
CoordinateSystem.get_x_axis_label	CoordinateSystem	bootstrap	1	bootstrap
CoordinateSystem.get_y_axis	CoordinateSystem	bootstrap	1	bootstrap
CoordinateSystem.get_y_axis_label	CoordinateSystem	bootstrap	1	bootstrap
CoordinateSystem.get_z_axis	CoordinateSystem	bootstrap	1	bootstrap
CoordinateSystem.i2gp	CoordinateSystem	bootstrap	1	bootstrap
CoordinateSystem.input_to_graph_point	CoordinateSystem	fmn_python.graphing	1	fmn_python.graphing
CoordinateSystem.p2c	CoordinateSystem	bootstrap	1	bootstrap
CoordinateSystem.point_to_coords	CoordinateSystem	bootstrap	1	bootstrap
CoordinateSystem.slope_of_tangent	CoordinateSystem	bootstrap	1	bootstrap
NumberPlane.__init__	NumberPlane	fmn_python.plane_lifecycle	1	fmn_python.plane_lifecycle
NumberPlane.get_axes	Axes	bootstrap	1	bootstrap
NumberPlane.get_lines	NumberPlane	fmn_python.plane_lifecycle	1	fmn_python.plane_lifecycle
NumberPlane.get_lines_parallel_to_axis	NumberPlane	fmn_python.plane_lifecycle	1	fmn_python.plane_lifecycle
NumberPlane.get_vector	NumberPlane	bootstrap	1	bootstrap
NumberPlane.get_x_unit_size	NumberPlane	bootstrap	1	bootstrap
NumberPlane.get_y_unit_size	NumberPlane	bootstrap	1	bootstrap
NumberPlane.init_background_lines	NumberPlane	fmn_python.plane_lifecycle	1	fmn_python.plane_lifecycle
NumberPlane.prepare_for_nonlinear_transform	NumberPlane	bootstrap	1	bootstrap
ThreeDAxes.__init__	ThreeDAxes	fmn_python.coordinate_lifecycle	1	fmn_python.coordinate_lifecycle
ThreeDAxes.add_axis_labels	ThreeDAxes	bootstrap	1	bootstrap
ThreeDAxes.get_all_ranges	ThreeDAxes	bootstrap	1	bootstrap
ThreeDAxes.get_graph	ThreeDAxes	fmn_python.surface_plotting	1	fmn_python.surface_plotting
ThreeDAxes.get_parametric_surface	ThreeDAxes	fmn_python.surface_plotting	1	fmn_python.surface_plotting
FullScreenFadeRectangle.__init__	FullScreenFadeRectangle	bootstrap	1	bootstrap
FullScreenRectangle.__init__	FullScreenRectangle	bootstrap	1	bootstrap
ScreenRectangle.__init__	ScreenRectangle	bootstrap	1	bootstrap
FunctionGraph.__init__	FunctionGraph	fmn_python.graph_admission	2	fmn_python.graph_admission > bootstrap
ImplicitFunction.__init__	ImplicitFunction	fmn_python.graph_admission	2	fmn_python.graph_admission > bootstrap
ParametricCurve.__init__	ParametricCurve	fmn_python.graph_admission	2	fmn_python.graph_admission > bootstrap
ParametricCurve.get_function	ParametricCurve	bootstrap	1	bootstrap
ParametricCurve.get_point_from_function	ParametricCurve	bootstrap	1	bootstrap
ParametricCurve.get_t_func	ParametricCurve	bootstrap	1	bootstrap
ParametricCurve.get_x_range	ParametricCurve	bootstrap	1	bootstrap
ParametricCurve.init_points	ParametricCurve	fmn_python.curve_regeneration	1	fmn_python.curve_regeneration
AnnularSector.__init__	AnnularSector	bootstrap	1	bootstrap
Annulus.__init__	Annulus	bootstrap	1	bootstrap
Arc.__init__	Arc	bootstrap	1	bootstrap
Arc.get_arc_center	Arc	bootstrap	1	bootstrap
Arc.get_start_angle	Arc	bootstrap	1	bootstrap
Arc.get_stop_angle	Arc	bootstrap	1	bootstrap
Arc.move_arc_center_to	Arc	bootstrap	1	bootstrap
ArcBetweenPoints.__init__	ArcBetweenPoints	fmn_python.arrow_geometry	1	fmn_python.arrow_geometry
Arrow.__init__	Arrow	fmn_python.arrow_geometry	1	fmn_python.arrow_geometry
Arrow.get_end	Arrow	bootstrap	1	bootstrap
Arrow.get_key_dimensions	Arrow	bootstrap	1	bootstrap
Arrow.get_start	Arrow	bootstrap	1	bootstrap
Arrow.get_start_and_end	Arrow	bootstrap	1	bootstrap
Arrow.put_start_and_end_on	Arrow	bootstrap	1	bootstrap
Arrow.scale	Arrow	bootstrap	1	bootstrap
Arrow.set_points_by_ends	Arrow	fmn_python.arrow_geometry	1	fmn_python.arrow_geometry
Arrow.set_thickness	Arrow	bootstrap	1	bootstrap
ArrowTip.__init__	ArrowTip	bootstrap	1	bootstrap
ArrowTip.get_angle	ArrowTip	bootstrap	1	bootstrap
ArrowTip.get_base	ArrowTip	bootstrap	1	bootstrap
ArrowTip.get_length	ArrowTip	bootstrap	1	bootstrap
ArrowTip.get_tip_point	ArrowTip	bootstrap	1	bootstrap
ArrowTip.get_vector	ArrowTip	bootstrap	1	bootstrap
Circle.__init__	Circle	bootstrap	1	bootstrap
Circle.get_radius	Circle	bootstrap	1	bootstrap
Circle.point_at_angle	Circle	bootstrap	1	bootstrap
Circle.surround	Circle	bootstrap	1	bootstrap
CubicBezier.__init__	CubicBezier	bootstrap	1	bootstrap
CurvedArrow.__init__	CurvedArrow	fmn_python.arrow_geometry	1	fmn_python.arrow_geometry
CurvedDoubleArrow.__init__	CurvedDoubleArrow	fmn_python.arrow_geometry	1	fmn_python.arrow_geometry
DashedLine.__init__	DashedLine	fmn_python.derived_lines	1	fmn_python.derived_lines
DashedLine.calculate_num_dashes	DashedLine	fmn_python.derived_lines	2	fmn_python.derived_lines > bootstrap
DashedLine.get_end	DashedLine	bootstrap	1	bootstrap
DashedLine.get_first_handle	DashedLine	bootstrap	1	bootstrap
DashedLine.get_last_handle	DashedLine	bootstrap	1	bootstrap
DashedLine.get_start	DashedLine	bootstrap	1	bootstrap
DashedLine.get_start_and_end	DashedLine	bootstrap	1	bootstrap
Dot.__init__	Dot	bootstrap	1	bootstrap
Elbow.__init__	Elbow	bootstrap	1	bootstrap
Ellipse.__init__	Ellipse	bootstrap	1	bootstrap
Line.__init__	Line	bootstrap	1	bootstrap
Line.get_angle	Line	bootstrap	1	bootstrap
Line.get_arc_length	Line	bootstrap	1	bootstrap
Line.get_projection	Line	bootstrap	1	bootstrap
Line.get_slope	Line	bootstrap	1	bootstrap
Line.get_unit_vector	Line	bootstrap	1	bootstrap
Line.get_vector	Line	bootstrap	1	bootstrap
Line.pointify	Line	bootstrap	1	bootstrap
Line.put_start_and_end_on	Line	bootstrap	1	bootstrap
Line.reset_points_around_ends	Line	bootstrap	1	bootstrap
Line.set_angle	Line	bootstrap	1	bootstrap
Line.set_length	Line	bootstrap	1	bootstrap
Line.set_path_arc	Line	bootstrap	1	bootstrap
Line.set_perpendicular_to_camera	Line	bootstrap	1	bootstrap
Line.set_points_by_ends	Line	bootstrap	1	bootstrap
Line.set_start_and_end_attrs	Line	bootstrap	1	bootstrap
Polygon.__init__	Polygon	bootstrap	1	bootstrap
Polygon.get_vertices	Polygon	bootstrap	1	bootstrap
Polygon.round_corners	Polygon	bootstrap	1	bootstrap
Polyline.__init__	Polyline	bootstrap	1	bootstrap
Rectangle.__init__	Rectangle	bootstrap	1	bootstrap
Rectangle.surround	Rectangle	bootstrap	1	bootstrap
RegularPolygon.__init__	RegularPolygon	bootstrap	1	bootstrap
RoundedRectangle.__init__	RoundedRectangle	bootstrap	1	bootstrap
Sector.__init__	Sector	bootstrap	1	bootstrap
SmallDot.__init__	SmallDot	bootstrap	1	bootstrap
Square.__init__	Square	bootstrap	1	bootstrap
StrokeArrow.__init__	StrokeArrow	fmn_python.arrow_geometry	1	fmn_python.arrow_geometry
StrokeArrow.create_tip_with_stroke_width	StrokeArrow	bootstrap	1	bootstrap
StrokeArrow.insert_tip_anchor	StrokeArrow	bootstrap	1	bootstrap
StrokeArrow.reset_tip	StrokeArrow	bootstrap	1	bootstrap
StrokeArrow.set_points_by_ends	StrokeArrow	bootstrap	1	bootstrap
StrokeArrow.set_stroke	StrokeArrow	bootstrap	1	bootstrap
TangentLine.__init__	TangentLine	fmn_python.derived_lines	1	fmn_python.derived_lines
TipableVMobject.add_tip	TipableVMobject	bootstrap	1	bootstrap
TipableVMobject.asign_tip_attr	TipableVMobject	bootstrap	1	bootstrap
TipableVMobject.create_tip	TipableVMobject	bootstrap	1	bootstrap
TipableVMobject.get_default_tip_length	TipableVMobject	bootstrap	1	bootstrap
TipableVMobject.get_end	TipableVMobject	bootstrap	1	bootstrap
TipableVMobject.get_first_handle	TipableVMobject	bootstrap	1	bootstrap
TipableVMobject.get_last_handle	TipableVMobject	bootstrap	1	bootstrap
TipableVMobject.get_length	TipableVMobject	bootstrap	1	bootstrap
TipableVMobject.get_start	TipableVMobject	bootstrap	1	bootstrap
TipableVMobject.get_tip	TipableVMobject	bootstrap	1	bootstrap
TipableVMobject.get_tips	TipableVMobject	bootstrap	1	bootstrap
TipableVMobject.get_unpositioned_tip	TipableVMobject	bootstrap	1	bootstrap
TipableVMobject.has_start_tip	TipableVMobject	bootstrap	1	bootstrap
TipableVMobject.has_tip	TipableVMobject	bootstrap	1	bootstrap
TipableVMobject.pop_tips	TipableVMobject	bootstrap	1	bootstrap
TipableVMobject.position_tip	TipableVMobject	bootstrap	1	bootstrap
TipableVMobject.reset_endpoints_based_on_tip	TipableVMobject	bootstrap	1	bootstrap
Triangle.__init__	Triangle	bootstrap	1	bootstrap
Vector.__init__	Vector	bootstrap	1	bootstrap
Button.__init__	Button	fmn_python.control_events	2	fmn_python.control_events > bootstrap
Button.mob_on_mouse_press	Button	bootstrap	1	bootstrap
Checkbox.__init__	Checkbox	fmn_python.control_events	2	fmn_python.control_events > bootstrap
Checkbox.assert_value	Checkbox	bootstrap	1	bootstrap
Checkbox.get_checkmark	Checkbox	fmn_python.control_events	2	fmn_python.control_events > fmn_python.control_events
Checkbox.get_cross	Checkbox	fmn_python.control_events	2	fmn_python.control_events > fmn_python.control_events
Checkbox.on_mouse_press	Checkbox	bootstrap	1	bootstrap
Checkbox.set_value_anim	Checkbox	bootstrap	1	bootstrap
Checkbox.toggle_value	Checkbox	bootstrap	1	bootstrap
ColorSliders.__init__	ColorSliders	fmn_python.color_sliders	2	fmn_python.color_sliders > bootstrap
ColorSliders.get_background	ColorSliders	fmn_python.color_sliders	1	fmn_python.color_sliders
ColorSliders.get_picked_color	ColorSliders	bootstrap	1	bootstrap
ColorSliders.get_picked_opacity	ColorSliders	bootstrap	1	bootstrap
ColorSliders.get_value	ColorSliders	fmn_python.color_sliders	2	fmn_python.color_sliders > bootstrap
ColorSliders.set_value	ColorSliders	fmn_python.color_sliders	1	fmn_python.color_sliders
ControlMobject.__init__	ControlMobject	fmn_python.tracker_lifecycle	1	fmn_python.tracker_lifecycle
ControlMobject.assert_value	ControlMobject	bootstrap	1	bootstrap
ControlMobject.set_value	ControlMobject	bootstrap	1	bootstrap
ControlMobject.set_value_anim	ControlMobject	bootstrap	1	bootstrap
ControlPanel.__init__	ControlPanel	fmn_python.color_sliders	3	fmn_python.color_sliders > fmn_python.control_events > bootstrap
ControlPanel.add_controls	ControlPanel	fmn_python.color_sliders	1	fmn_python.color_sliders
ControlPanel.close_panel	ControlPanel	bootstrap	1	bootstrap
ControlPanel.move_panel_and_controls_to_panel_opener	ControlPanel	bootstrap	1	bootstrap
ControlPanel.open_panel	ControlPanel	bootstrap	1	bootstrap
ControlPanel.panel_on_mouse_scroll	ControlPanel	bootstrap	1	bootstrap
ControlPanel.panel_opener_on_mouse_drag	ControlPanel	bootstrap	1	bootstrap
ControlPanel.remove_controls	ControlPanel	bootstrap	1	bootstrap
EnableDisableButton.__init__	EnableDisableButton	fmn_python.control_events	2	fmn_python.control_events > bootstrap
EnableDisableButton.assert_value	EnableDisableButton	bootstrap	1	bootstrap
EnableDisableButton.on_mouse_press	EnableDisableButton	bootstrap	1	bootstrap
EnableDisableButton.set_value_anim	EnableDisableButton	fmn_python.control_events	1	fmn_python.control_events
EnableDisableButton.toggle_value	EnableDisableButton	bootstrap	1	bootstrap
LinearNumberSlider.__init__	LinearNumberSlider	fmn_python.control_events	2	fmn_python.control_events > bootstrap
LinearNumberSlider.assert_value	LinearNumberSlider	bootstrap	1	bootstrap
LinearNumberSlider.get_value_from_point	LinearNumberSlider	bootstrap	1	bootstrap
LinearNumberSlider.set_value_anim	LinearNumberSlider	bootstrap	1	bootstrap
LinearNumberSlider.slider_on_mouse_drag	LinearNumberSlider	bootstrap	1	bootstrap
MotionMobject.__init__	MotionMobject	fmn_python.control_events	2	fmn_python.control_events > bootstrap
MotionMobject.mob_on_mouse_drag	MotionMobject	bootstrap	1	bootstrap
Textbox.__init__	Textbox	fmn_python.control_events	2	fmn_python.control_events > bootstrap
Textbox.active_anim	Textbox	fmn_python.control_events	1	fmn_python.control_events
Textbox.box_on_mouse_press	Textbox	bootstrap	1	bootstrap
Textbox.on_key_press	Textbox	fmn_python.control_events	1	fmn_python.control_events
Textbox.set_value_anim	Textbox	bootstrap	1	bootstrap
Textbox.update_text	Textbox	bootstrap	1	bootstrap
DecimalMatrix.__init__	DecimalMatrix	fmn_python.matrix	1	fmn_python.matrix
DecimalMatrix.element_to_mobject	DecimalMatrix	fmn_python.matrix	1	fmn_python.matrix
IntegerMatrix.__init__	IntegerMatrix	fmn_python.matrix	1	fmn_python.matrix
Matrix.__init__	Matrix	fmn_python.matrix	1	fmn_python.matrix
Matrix.add_background_to_entries	Matrix	fmn_python.matrix	1	fmn_python.matrix
Matrix.copy	Matrix	fmn_python.matrix	2	fmn_python.matrix > bootstrap
Matrix.create_brackets	Matrix	fmn_python.matrix	1	fmn_python.matrix
Matrix.create_mobject_matrix	Matrix	fmn_python.matrix	1	fmn_python.matrix
Matrix.element_to_mobject	Matrix	fmn_python.matrix	1	fmn_python.matrix
Matrix.get_brackets	Matrix	bootstrap	1	bootstrap
Matrix.get_column	Matrix	bootstrap	1	bootstrap
Matrix.get_columns	Matrix	bootstrap	1	bootstrap
Matrix.get_ellipses	Matrix	bootstrap	1	bootstrap
Matrix.get_entries	Matrix	bootstrap	1	bootstrap
Matrix.get_mob_matrix	Matrix	bootstrap	1	bootstrap
Matrix.get_row	Matrix	bootstrap	1	bootstrap
Matrix.get_rows	Matrix	bootstrap	1	bootstrap
Matrix.set_column_colors	Matrix	fmn_python.matrix	1	fmn_python.matrix
Matrix.swap_entries_for_ellipses	Matrix	fmn_python.matrix	1	fmn_python.matrix
Matrix.swap_entry_for_dots	Matrix	fmn_python.matrix	1	fmn_python.matrix
MobjectMatrix.__init__	MobjectMatrix	fmn_python.matrix	1	fmn_python.matrix
MobjectMatrix.element_to_mobject	MobjectMatrix	bootstrap	1	bootstrap
TexMatrix.__init__	TexMatrix	fmn_python.matrix	1	fmn_python.matrix
Group.__init__	Group	bootstrap	1	bootstrap
Mobject.__init__	Mobject	bootstrap	1	bootstrap
Mobject.add	Mobject	bootstrap	1	bootstrap
Mobject.add_background_rectangle	Mobject	bootstrap	1	bootstrap
Mobject.add_background_rectangle_to_family_members_with_points	Mobject	bootstrap	1	bootstrap
Mobject.add_background_rectangle_to_submobjects	Mobject	bootstrap	1	bootstrap
Mobject.add_event_listner	Mobject	bootstrap	1	bootstrap
Mobject.add_key_press_listner	Mobject	bootstrap	1	bootstrap
Mobject.add_key_release_listner	Mobject	bootstrap	1	bootstrap
Mobject.add_mouse_drag_listner	Mobject	bootstrap	1	bootstrap
Mobject.add_mouse_motion_listner	Mobject	bootstrap	1	bootstrap
Mobject.add_mouse_press_listner	Mobject	bootstrap	1	bootstrap
Mobject.add_mouse_release_listner	Mobject	bootstrap	1	bootstrap
Mobject.add_mouse_scroll_listner	Mobject	bootstrap	1	bootstrap
Mobject.add_n_more_submobjects	Mobject	bootstrap	1	bootstrap
Mobject.add_to_back	Mobject	bootstrap	1	bootstrap
Mobject.add_updater	Mobject	bootstrap	1	bootstrap
Mobject.affects_data	Mobject	bootstrap	1	bootstrap
Mobject.affects_family_data	Mobject	bootstrap	1	bootstrap
Mobject.affects_shader_info_id	Mobject	bootstrap	1	bootstrap
Mobject.align_data	Mobject	bootstrap	1	bootstrap
Mobject.align_data_and_family	Mobject	fmn_python.raster_transform	2	fmn_python.raster_transform > bootstrap
Mobject.align_family	Mobject	bootstrap	1	bootstrap
Mobject.align_on_border	Mobject	bootstrap	1	bootstrap
Mobject.align_points	Mobject	fmn_python.surface_alignment	2	fmn_python.surface_alignment > bootstrap
Mobject.align_to	Mobject	bootstrap	1	bootstrap
Mobject.always	Mobject	bootstrap	1	bootstrap
Mobject.animate	Mobject	bootstrap	1	bootstrap
Mobject.append_points	Mobject	fmn_python.point_editing	1	fmn_python.point_editing
Mobject.apply_complex_function	Mobject	bootstrap	1	bootstrap
Mobject.apply_depth_test	Mobject	bootstrap	2	bootstrap > bootstrap
Mobject.apply_function	Mobject	bootstrap	1	bootstrap
Mobject.apply_function_to_position	Mobject	bootstrap	1	bootstrap
Mobject.apply_function_to_submobject_positions	Mobject	bootstrap	1	bootstrap
Mobject.apply_matrix	Mobject	bootstrap	1	bootstrap
Mobject.apply_points_function	Mobject	bootstrap	1	bootstrap
Mobject.are_points_touching	Mobject	bootstrap	1	bootstrap
Mobject.arrange	Mobject	bootstrap	1	bootstrap
Mobject.arrange_in_grid	Mobject	bootstrap	1	bootstrap
Mobject.arrange_to_fit_depth	Mobject	bootstrap	1	bootstrap
Mobject.arrange_to_fit_dim	Mobject	bootstrap	1	bootstrap
Mobject.arrange_to_fit_height	Mobject	bootstrap	1	bootstrap
Mobject.arrange_to_fit_width	Mobject	bootstrap	1	bootstrap
Mobject.become	Mobject	fmn_python.surface_geometry	2	fmn_python.surface_geometry > bootstrap
Mobject.center	Mobject	bootstrap	1	bootstrap
Mobject.clear	Mobject	bootstrap	1	bootstrap
Mobject.clear_event_listners	Mobject	bootstrap	1	bootstrap
Mobject.clear_points	Mobject	bootstrap	1	bootstrap
Mobject.clear_updaters	Mobject	fmn_python.streamline_animation	3	fmn_python.streamline_animation > fmn_python.animation_updaters > bootstrap
Mobject.clip_to_box	Mobject	bootstrap	1	bootstrap
Mobject.compute_bounding_box	Mobject	bootstrap	1	bootstrap
Mobject.copy	Mobject	bootstrap	1	bootstrap
Mobject.deactivate_clip_plane	Mobject	bootstrap	1	bootstrap
Mobject.deactivate_depth_test	Mobject	bootstrap	2	bootstrap > bootstrap
Mobject.deepcopy	Mobject	bootstrap	1	bootstrap
Mobject.deserialize	Mobject	bootstrap	1	bootstrap
Mobject.digest_mobject_attrs	Mobject	bootstrap	1	bootstrap
Mobject.f_always	Mobject	bootstrap	1	bootstrap
Mobject.fade	Mobject	bootstrap	1	bootstrap
Mobject.family_members_with_points	Mobject	bootstrap	1	bootstrap
Mobject.fix_in_frame	Mobject	bootstrap	2	bootstrap > bootstrap
Mobject.flip	Mobject	bootstrap	1	bootstrap
Mobject.generate_target	Mobject	bootstrap	1	bootstrap
Mobject.get_all_corners	Mobject	bootstrap	1	bootstrap
Mobject.get_all_points	Mobject	bootstrap	1	bootstrap
Mobject.get_ancestors	Mobject	bootstrap	1	bootstrap
Mobject.get_bottom	Mobject	bootstrap	1	bootstrap
Mobject.get_boundary_point	Mobject	bootstrap	1	bootstrap
Mobject.get_bounding_box	Mobject	bootstrap	1	bootstrap
Mobject.get_bounding_box_point	Mobject	bootstrap	1	bootstrap
Mobject.get_center	Mobject	bootstrap	1	bootstrap
Mobject.get_center_of_mass	Mobject	bootstrap	1	bootstrap
Mobject.get_color	Mobject	bootstrap	1	bootstrap
Mobject.get_continuous_bounding_box_point	Mobject	bootstrap	1	bootstrap
Mobject.get_coord	Mobject	bootstrap	1	bootstrap
Mobject.get_corner	Mobject	bootstrap	1	bootstrap
Mobject.get_depth	Mobject	bootstrap	1	bootstrap
Mobject.get_edge_center	Mobject	bootstrap	1	bootstrap
Mobject.get_end	Mobject	bootstrap	1	bootstrap
Mobject.get_event_listners	Mobject	bootstrap	1	bootstrap
Mobject.get_family	Mobject	bootstrap	1	bootstrap
Mobject.get_family_event_listners	Mobject	bootstrap	1	bootstrap
Mobject.get_gloss	Mobject	bootstrap	1	bootstrap
Mobject.get_grid	Mobject	bootstrap	1	bootstrap
Mobject.get_group_class	Mobject	bootstrap	1	bootstrap
Mobject.get_has_event_listner	Mobject	bootstrap	1	bootstrap
Mobject.get_height	Mobject	bootstrap	1	bootstrap
Mobject.get_left	Mobject	bootstrap	1	bootstrap
Mobject.get_nadir	Mobject	bootstrap	1	bootstrap
Mobject.get_num_points	Mobject	bootstrap	1	bootstrap
Mobject.get_opacities	Mobject	bootstrap	1	bootstrap
Mobject.get_opacity	Mobject	bootstrap	1	bootstrap
Mobject.get_pieces	Mobject	bootstrap	1	bootstrap
Mobject.get_points	Mobject	bootstrap	1	bootstrap
Mobject.get_reflectiveness	Mobject	bootstrap	1	bootstrap
Mobject.get_right	Mobject	bootstrap	1	bootstrap
Mobject.get_shader_data	Mobject	fmn_python.point_editing	1	fmn_python.point_editing
Mobject.get_shader_vert_indices	Mobject	bootstrap	1	bootstrap
Mobject.get_shader_wrapper	Mobject	bootstrap	1	bootstrap
Mobject.get_shader_wrapper_list	Mobject	bootstrap	1	bootstrap
Mobject.get_shading	Mobject	bootstrap	1	bootstrap
Mobject.get_shadow	Mobject	bootstrap	1	bootstrap
Mobject.get_shape	Mobject	bootstrap	1	bootstrap
Mobject.get_start	Mobject	bootstrap	1	bootstrap
Mobject.get_start_and_end	Mobject	bootstrap	1	bootstrap
Mobject.get_top	Mobject	bootstrap	1	bootstrap
Mobject.get_uniforms	Mobject	bootstrap	1	bootstrap
Mobject.get_updaters	Mobject	bootstrap	1	bootstrap
Mobject.get_width	Mobject	bootstrap	1	bootstrap
Mobject.get_x	Mobject	bootstrap	1	bootstrap
Mobject.get_y	Mobject	bootstrap	1	bootstrap
Mobject.get_z	Mobject	bootstrap	1	bootstrap
Mobject.get_z_index_reference_point	Mobject	bootstrap	1	bootstrap
Mobject.get_zenith	Mobject	bootstrap	1	bootstrap
Mobject.has_points	Mobject	bootstrap	1	bootstrap
Mobject.has_same_shape_as	Mobject	bootstrap	1	bootstrap
Mobject.has_updaters	Mobject	bootstrap	1	bootstrap
Mobject.init_colors	Mobject	bootstrap	1	bootstrap
Mobject.init_data	Mobject	bootstrap	1	bootstrap
Mobject.init_event_listners	Mobject	bootstrap	1	bootstrap
Mobject.init_points	Mobject	bootstrap	1	bootstrap
Mobject.init_shader_wrapper	Mobject	bootstrap	1	bootstrap
Mobject.init_uniforms	Mobject	bootstrap	1	bootstrap
Mobject.init_updaters	Mobject	bootstrap	1	bootstrap
Mobject.insert_submobject	Mobject	bootstrap	1	bootstrap
Mobject.insert_updater	Mobject	bootstrap	1	bootstrap
Mobject.interpolate	Mobject	fmn_python.trackers	4	fmn_python.trackers > fmn_python.raster_transform > fmn_python.point_cloud_materials > semantics
Mobject.invisible_copy	Mobject	bootstrap	1	bootstrap
Mobject.is_aligned_with	Mobject	fmn_python.surface_alignment	2	fmn_python.surface_alignment > bootstrap
Mobject.is_changing	Mobject	bootstrap	1	bootstrap
Mobject.is_fixed_in_frame	Mobject	bootstrap	1	bootstrap
Mobject.is_off_screen	Mobject	bootstrap	1	bootstrap
Mobject.is_point_touching	Mobject	bootstrap	1	bootstrap
Mobject.is_touching	Mobject	bootstrap	1	bootstrap
Mobject.length_over_dim	Mobject	bootstrap	1	bootstrap
Mobject.lock_data	Mobject	bootstrap	1	bootstrap
Mobject.lock_matching_data	Mobject	bootstrap	1	bootstrap
Mobject.lock_uniforms	Mobject	bootstrap	1	bootstrap
Mobject.looks_identical	Mobject	fmn_python.image_authoring	2	fmn_python.image_authoring > bootstrap
Mobject.match_color	Mobject	bootstrap	1	bootstrap
Mobject.match_coord	Mobject	bootstrap	1	bootstrap
Mobject.match_depth	Mobject	bootstrap	1	bootstrap
Mobject.match_dim_size	Mobject	bootstrap	1	bootstrap
Mobject.match_height	Mobject	bootstrap	1	bootstrap
Mobject.match_points	Mobject	bootstrap	1	bootstrap
Mobject.match_style	Mobject	bootstrap	1	bootstrap
Mobject.match_updaters	Mobject	bootstrap	1	bootstrap
Mobject.match_width	Mobject	bootstrap	1	bootstrap
Mobject.match_x	Mobject	bootstrap	1	bootstrap
Mobject.match_y	Mobject	bootstrap	1	bootstrap
Mobject.match_z	Mobject	bootstrap	1	bootstrap
Mobject.move_to	Mobject	bootstrap	1	bootstrap
Mobject.next_to	Mobject	bootstrap	1	bootstrap
Mobject.note_changed_data	Mobject	bootstrap	1	bootstrap
Mobject.note_changed_family	Mobject	bootstrap	1	bootstrap
Mobject.pfp	Mobject	bootstrap	1	bootstrap
Mobject.point_from_proportion	Mobject	bootstrap	1	bootstrap
Mobject.pointwise_become_partial	Mobject	bootstrap	1	bootstrap
Mobject.push_self_into_submobjects	Mobject	bootstrap	1	bootstrap
Mobject.put_end_on	Mobject	bootstrap	1	bootstrap
Mobject.put_start_and_end_on	Mobject	bootstrap	1	bootstrap
Mobject.put_start_on	Mobject	bootstrap	1	bootstrap
Mobject.refresh_bounding_box	Mobject	bootstrap	1	bootstrap
Mobject.refresh_has_updater_status	Mobject	bootstrap	1	bootstrap
Mobject.refresh_shader_wrapper_id	Mobject	bootstrap	1	bootstrap
Mobject.remove	Mobject	bootstrap	1	bootstrap
Mobject.remove_event_listner	Mobject	bootstrap	1	bootstrap
Mobject.remove_key_press_listner	Mobject	bootstrap	1	bootstrap
Mobject.remove_key_release_listner	Mobject	bootstrap	1	bootstrap
Mobject.remove_mouse_drag_listner	Mobject	bootstrap	1	bootstrap
Mobject.remove_mouse_motion_listner	Mobject	bootstrap	1	bootstrap
Mobject.remove_mouse_press_listner	Mobject	bootstrap	1	bootstrap
Mobject.remove_mouse_release_listner	Mobject	bootstrap	1	bootstrap
Mobject.remove_mouse_scroll_listner	Mobject	bootstrap	1	bootstrap
Mobject.remove_updater	Mobject	fmn_python.streamline_animation	3	fmn_python.streamline_animation > fmn_python.animation_updaters > bootstrap
Mobject.render	Mobject	bootstrap	1	bootstrap
Mobject.replace	Mobject	bootstrap	1	bootstrap
Mobject.replace_shader_code	Mobject	bootstrap	1	bootstrap
Mobject.replace_submobject	Mobject	bootstrap	1	bootstrap
Mobject.replicate	Mobject	bootstrap	1	bootstrap
Mobject.rescale_to_fit	Mobject	bootstrap	1	bootstrap
Mobject.resize_points	Mobject	bootstrap	1	bootstrap
Mobject.restore	Mobject	fmn_python.copying	2	fmn_python.copying > bootstrap
Mobject.resume_updating	Mobject	bootstrap	1	bootstrap
Mobject.reverse_points	Mobject	bootstrap	1	bootstrap
Mobject.reverse_submobjects	Mobject	bootstrap	1	bootstrap
Mobject.rotate	Mobject	fmn_python.point_editing	2	fmn_python.point_editing > bootstrap
Mobject.rotate_about_origin	Mobject	bootstrap	1	bootstrap
Mobject.save_state	Mobject	bootstrap	1	bootstrap
Mobject.scale	Mobject	bootstrap	1	bootstrap
Mobject.serialize	Mobject	bootstrap	1	bootstrap
Mobject.set_animating_status	Mobject	bootstrap	1	bootstrap
Mobject.set_clip_plane	Mobject	bootstrap	1	bootstrap
Mobject.set_clip_planes	Mobject	bootstrap	1	bootstrap
Mobject.set_color	Mobject	bootstrap	1	bootstrap
Mobject.set_color_by_code	Mobject	bootstrap	1	bootstrap
Mobject.set_color_by_gradient	Mobject	bootstrap	1	bootstrap
Mobject.set_color_by_rgb_func	Mobject	fmn_python.functional_color	1	fmn_python.functional_color
Mobject.set_color_by_rgba_func	Mobject	fmn_python.functional_color	1	fmn_python.functional_color
Mobject.set_color_by_xyz_func	Mobject	bootstrap	1	bootstrap
Mobject.set_coord	Mobject	bootstrap	1	bootstrap
Mobject.set_data	Mobject	bootstrap	1	bootstrap
Mobject.set_depth	Mobject	bootstrap	1	bootstrap
Mobject.set_gloss	Mobject	bootstrap	1	bootstrap
Mobject.set_height	Mobject	bootstrap	1	bootstrap
Mobject.set_max_depth	Mobject	bootstrap	1	bootstrap
Mobject.set_max_height	Mobject	bootstrap	1	bootstrap
Mobject.set_max_width	Mobject	bootstrap	1	bootstrap
Mobject.set_min_depth	Mobject	bootstrap	1	bootstrap
Mobject.set_min_height	Mobject	bootstrap	1	bootstrap
Mobject.set_min_width	Mobject	bootstrap	1	bootstrap
Mobject.set_opacity	Mobject	bootstrap	1	bootstrap
Mobject.set_points	Mobject	fmn_python.point_editing	1	fmn_python.point_editing
Mobject.set_reflectiveness	Mobject	bootstrap	1	bootstrap
Mobject.set_rgba_array	Mobject	fmn_python.svg_ingress	2	fmn_python.svg_ingress > bootstrap
Mobject.set_rgba_array_by_color	Mobject	fmn_python.svg_ingress	2	fmn_python.svg_ingress > bootstrap
Mobject.set_shading	Mobject	bootstrap	1	bootstrap
Mobject.set_shadow	Mobject	bootstrap	1	bootstrap
Mobject.set_shape	Mobject	bootstrap	1	bootstrap
Mobject.set_submobject_colors_by_gradient	Mobject	bootstrap	1	bootstrap
Mobject.set_submobjects	Mobject	bootstrap	1	bootstrap
Mobject.set_uniform	Mobject	bootstrap	2	bootstrap > bootstrap
Mobject.set_uniforms	Mobject	bootstrap	1	bootstrap
Mobject.set_width	Mobject	bootstrap	1	bootstrap
Mobject.set_x	Mobject	bootstrap	1	bootstrap
Mobject.set_y	Mobject	bootstrap	1	bootstrap
Mobject.set_z	Mobject	bootstrap	1	bootstrap
Mobject.set_z_index	Mobject	bootstrap	1	bootstrap
Mobject.shift	Mobject	bootstrap	1	bootstrap
Mobject.shift_onto_screen	Mobject	bootstrap	1	bootstrap
Mobject.shuffle	Mobject	bootstrap	1	bootstrap
Mobject.sort	Mobject	bootstrap	1	bootstrap
Mobject.space_out_submobjects	Mobject	bootstrap	1	bootstrap
Mobject.split	Mobject	bootstrap	1	bootstrap
Mobject.stash_mobject_pointers	Mobject	bootstrap	1	bootstrap
Mobject.stretch	Mobject	bootstrap	1	bootstrap
Mobject.stretch_about_point	Mobject	bootstrap	1	bootstrap
Mobject.stretch_in_place	Mobject	bootstrap	1	bootstrap
Mobject.stretch_to_fit_depth	Mobject	bootstrap	1	bootstrap
Mobject.stretch_to_fit_height	Mobject	bootstrap	1	bootstrap
Mobject.stretch_to_fit_width	Mobject	bootstrap	1	bootstrap
Mobject.surround	Mobject	bootstrap	1	bootstrap
Mobject.suspend_updating	Mobject	bootstrap	1	bootstrap
Mobject.throw_error_if_no_points	Mobject	bootstrap	1	bootstrap
Mobject.to_corner	Mobject	bootstrap	1	bootstrap
Mobject.to_edge	Mobject	bootstrap	1	bootstrap
Mobject.unfix_from_frame	Mobject	bootstrap	2	bootstrap > bootstrap
Mobject.unlock_data	Mobject	bootstrap	1	bootstrap
Mobject.update	Mobject	fmn_python.updater_dispatch	1	fmn_python.updater_dispatch
Mobject.wag	Mobject	bootstrap	1	bootstrap
Point.__init__	Point	bootstrap	1	bootstrap
Point.get_bounding_box_point	Point	bootstrap	1	bootstrap
Point.get_height	Point	bootstrap	1	bootstrap
Point.get_location	Point	bootstrap	1	bootstrap
Point.get_width	Point	bootstrap	1	bootstrap
Point.set_location	Point	bootstrap	1	bootstrap
_AnimationBuilder.__init__	_AnimationBuilder	bootstrap	1	bootstrap
_AnimationBuilder.build	_AnimationBuilder	fmn_python.raster_animation	2	fmn_python.raster_animation > bootstrap
_AnimationBuilder.set_anim_args	_AnimationBuilder	bootstrap	1	bootstrap
_FunctionalUpdaterBuilder.__init__	_FunctionalUpdaterBuilder	bootstrap	1	bootstrap
_UpdaterBuilder.__init__	_UpdaterBuilder	bootstrap	1	bootstrap
NumberLine.__init__	NumberLine	fmn_python.number_line_lifecycle	1	fmn_python.number_line_lifecycle
NumberLine.add_numbers	NumberLine	fmn_python.coordinate_mapping	1	fmn_python.coordinate_mapping
NumberLine.add_ticks	NumberLine	fmn_python.number_line_lifecycle	1	fmn_python.number_line_lifecycle
NumberLine.get_number_mobject	NumberLine	bootstrap	1	bootstrap
NumberLine.get_tick	NumberLine	bootstrap	1	bootstrap
NumberLine.get_tick_marks	NumberLine	bootstrap	1	bootstrap
NumberLine.get_tick_range	NumberLine	fmn_python.number_line_lifecycle	1	fmn_python.number_line_lifecycle
NumberLine.get_unit_size	NumberLine	bootstrap	1	bootstrap
NumberLine.n2p	NumberLine	bootstrap	1	bootstrap
NumberLine.number_to_point	NumberLine	bootstrap	1	bootstrap
NumberLine.p2n	NumberLine	bootstrap	1	bootstrap
NumberLine.point_to_number	NumberLine	bootstrap	1	bootstrap
Slider.__init__	Slider	bootstrap	1	bootstrap
UnitInterval.__init__	UnitInterval	bootstrap	1	bootstrap
DecimalNumber.__init__	DecimalNumber	fmn_python.decimal_authoring	2	fmn_python.decimal_authoring > bootstrap
DecimalNumber.char_to_mob	DecimalNumber	fmn_python.decimal_authoring	1	fmn_python.decimal_authoring
DecimalNumber.get_complex_formatter	DecimalNumber	bootstrap	1	bootstrap
DecimalNumber.get_font_size	DecimalNumber	bootstrap	1	bootstrap
DecimalNumber.get_formatter	DecimalNumber	bootstrap	1	bootstrap
DecimalNumber.get_num_string	DecimalNumber	fmn_python.decimal_authoring	1	fmn_python.decimal_authoring
DecimalNumber.get_tex	DecimalNumber	bootstrap	1	bootstrap
DecimalNumber.get_value	DecimalNumber	bootstrap	1	bootstrap
DecimalNumber.increment_value	DecimalNumber	bootstrap	1	bootstrap
DecimalNumber.interpolate	DecimalNumber	bootstrap	1	bootstrap
DecimalNumber.set_submobjects_from_number	DecimalNumber	fmn_python.decimal_authoring	1	fmn_python.decimal_authoring
DecimalNumber.set_value	DecimalNumber	bootstrap	1	bootstrap
Integer.__init__	Integer	bootstrap	1	bootstrap
Integer.get_value	Integer	bootstrap	1	bootstrap
BarChart.__init__	BarChart	fmn_python.bar_chart	2	fmn_python.bar_chart > bootstrap
BarChart.add_axes	BarChart	bootstrap	1	bootstrap
BarChart.add_bars	BarChart	bootstrap	1	bootstrap
BarChart.change_bar_values	BarChart	fmn_python.bar_chart	1	fmn_python.bar_chart
SampleSpace.__init__	SampleSpace	bootstrap	1	bootstrap
SampleSpace.add_braces_and_labels	SampleSpace	bootstrap	1	bootstrap
SampleSpace.add_label	SampleSpace	bootstrap	1	bootstrap
SampleSpace.add_title	SampleSpace	bootstrap	1	bootstrap
SampleSpace.complete_p_list	SampleSpace	bootstrap	1	bootstrap
SampleSpace.divide_horizontally	SampleSpace	bootstrap	1	bootstrap
SampleSpace.divide_vertically	SampleSpace	bootstrap	1	bootstrap
SampleSpace.get_bottom_braces_and_labels	SampleSpace	bootstrap	1	bootstrap
SampleSpace.get_division_along_dimension	SampleSpace	bootstrap	1	bootstrap
SampleSpace.get_horizontal_division	SampleSpace	bootstrap	1	bootstrap
SampleSpace.get_side_braces_and_labels	SampleSpace	bootstrap	1	bootstrap
SampleSpace.get_subdivision_braces_and_labels	SampleSpace	bootstrap	1	bootstrap
SampleSpace.get_top_braces_and_labels	SampleSpace	bootstrap	1	bootstrap
SampleSpace.get_vertical_division	SampleSpace	bootstrap	1	bootstrap
BackgroundRectangle.__init__	BackgroundRectangle	bootstrap	1	bootstrap
BackgroundRectangle.get_fill_color	BackgroundRectangle	bootstrap	1	bootstrap
BackgroundRectangle.pointwise_become_partial	BackgroundRectangle	bootstrap	1	bootstrap
BackgroundRectangle.set_style	BackgroundRectangle	bootstrap	1	bootstrap
Cross.__init__	Cross	fmn_python.shape_matchers	1	fmn_python.shape_matchers
SurroundingRectangle.__init__	SurroundingRectangle	fmn_python.shape_matchers	1	fmn_python.shape_matchers
SurroundingRectangle.set_buff	SurroundingRectangle	fmn_python.shape_matchers	1	fmn_python.shape_matchers
SurroundingRectangle.surround	SurroundingRectangle	fmn_python.shape_matchers	1	fmn_python.shape_matchers
Underline.__init__	Underline	fmn_python.shape_matchers	1	fmn_python.shape_matchers
Brace.__init__	Brace	fmn_python.brace_lifecycle	1	fmn_python.brace_lifecycle
Brace.get_direction	Brace	bootstrap	1	bootstrap
Brace.get_tex	Brace	bootstrap	1	bootstrap
Brace.get_text	Brace	bootstrap	1	bootstrap
Brace.get_tip	Brace	fmn_python.brace_lifecycle	1	fmn_python.brace_lifecycle
Brace.put_at_tip	Brace	bootstrap	1	bootstrap
Brace.set_initial_width	Brace	bootstrap	1	bootstrap
BraceLabel.__init__	BraceLabel	bootstrap	1	bootstrap
BraceLabel.change_brace_label	BraceLabel	bootstrap	1	bootstrap
BraceLabel.change_label	BraceLabel	bootstrap	1	bootstrap
BraceLabel.copy	BraceLabel	bootstrap	1	bootstrap
BraceLabel.creation_anim	BraceLabel	bootstrap	1	bootstrap
BraceLabel.shift_brace	BraceLabel	bootstrap	1	bootstrap
LineBrace.__init__	LineBrace	fmn_python.brace_lifecycle	1	fmn_python.brace_lifecycle
Bubble.__init__	Bubble	bootstrap	1	bootstrap
Bubble.add_content	Bubble	bootstrap	1	bootstrap
Bubble.clear	Bubble	bootstrap	1	bootstrap
Bubble.flip	Bubble	bootstrap	1	bootstrap
Bubble.get_body	Bubble	bootstrap	1	bootstrap
Bubble.get_bubble_center	Bubble	bootstrap	1	bootstrap
Bubble.get_tip	Bubble	bootstrap	1	bootstrap
Bubble.move_tip_to	Bubble	bootstrap	1	bootstrap
Bubble.pin_to	Bubble	bootstrap	1	bootstrap
Bubble.position_mobject_inside	Bubble	bootstrap	1	bootstrap
Bubble.resize_to_content	Bubble	bootstrap	1	bootstrap
Bubble.write	Bubble	bootstrap	1	bootstrap
Clock.__init__	Clock	bootstrap	1	bootstrap
ClockPassesTime.__init__	ClockPassesTime	fmn_python.composite_effects	2	fmn_python.composite_effects > bootstrap
Dartboard.__init__	Dartboard	bootstrap	1	bootstrap
DieFace.__init__	DieFace	bootstrap	1	bootstrap
Laptop.__init__	Laptop	bootstrap	1	bootstrap
Lightbulb.__init__	Lightbulb	bootstrap	1	bootstrap
OldThoughtBubble.get_body	OldThoughtBubble	bootstrap	1	bootstrap
OldThoughtBubble.make_green_screen	OldThoughtBubble	bootstrap	1	bootstrap
Piano.__init__	Piano	bootstrap	1	bootstrap
Piano.add_black_keys	Piano	bootstrap	1	bootstrap
Piano.add_white_keys	Piano	bootstrap	1	bootstrap
Piano.sort_keys	Piano	bootstrap	1	bootstrap
Piano3D.__init__	Piano3D	bootstrap	1	bootstrap
SpeechBubble.__init__	SpeechBubble	bootstrap	1	bootstrap
SpeechBubble.get_body	SpeechBubble	bootstrap	1	bootstrap
Speedometer.__init__	Speedometer	bootstrap	1	bootstrap
Speedometer.get_center	Speedometer	bootstrap	1	bootstrap
Speedometer.get_needle_angle	Speedometer	bootstrap	1	bootstrap
Speedometer.get_needle_tip	Speedometer	bootstrap	1	bootstrap
Speedometer.move_needle_to_velocity	Speedometer	bootstrap	1	bootstrap
Speedometer.rotate_needle	Speedometer	bootstrap	1	bootstrap
ThoughtBubble.__init__	ThoughtBubble	bootstrap	1	bootstrap
ThoughtBubble.get_body	ThoughtBubble	bootstrap	1	bootstrap
VectorizedEarth.__init__	VectorizedEarth	bootstrap	1	bootstrap
VideoIcon.__init__	VideoIcon	bootstrap	1	bootstrap
VideoSeries.__init__	VideoSeries	bootstrap	1	bootstrap
OldTex.__init__	OldTex	bootstrap	1	bootstrap
OldTex.break_up_by_substrings	OldTex	bootstrap	1	bootstrap
OldTex.break_up_tex_strings	OldTex	bootstrap	1	bootstrap
OldTex.get_part_by_tex	OldTex	bootstrap	1	bootstrap
OldTex.get_parts_by_tex	OldTex	bootstrap	1	bootstrap
OldTex.index_of_part	OldTex	bootstrap	1	bootstrap
OldTex.index_of_part_by_tex	OldTex	bootstrap	1	bootstrap
OldTex.set_bstroke	OldTex	bootstrap	1	bootstrap
OldTex.set_color_by_tex	OldTex	bootstrap	1	bootstrap
OldTex.set_color_by_tex_to_color_map	OldTex	bootstrap	1	bootstrap
OldTex.slice_by_tex	OldTex	bootstrap	1	bootstrap
OldTex.sort_alphabetically	OldTex	bootstrap	1	bootstrap
OldTexText.__init__	OldTexText	bootstrap	1	bootstrap
SingleStringTex.__init__	SingleStringTex	fmn_python.legacy_tex_lifecycle	2	fmn_python.legacy_tex_lifecycle > bootstrap
SingleStringTex.balance_braces	SingleStringTex	bootstrap	1	bootstrap
SingleStringTex.get_modified_expression	SingleStringTex	bootstrap	1	bootstrap
SingleStringTex.get_svg_string_by_content	SingleStringTex	bootstrap	1	bootstrap
SingleStringTex.get_tex	SingleStringTex	bootstrap	1	bootstrap
SingleStringTex.get_tex_file_body	SingleStringTex	bootstrap	1	bootstrap
SingleStringTex.hash_seed	SingleStringTex	bootstrap	1	bootstrap
SingleStringTex.modify_special_strings	SingleStringTex	bootstrap	1	bootstrap
SingleStringTex.organize_submobjects_left_to_right	SingleStringTex	bootstrap	1	bootstrap
BulletedList.__init__	BulletedList	bootstrap	1	bootstrap
BulletedList.fade_all_but	BulletedList	bootstrap	1	bootstrap
TexTextFromPresetString.__init__	TexTextFromPresetString	bootstrap	1	bootstrap
Title.__init__	Title	bootstrap	1	bootstrap
StringMobject.__init__	SVGMobject	fmn_python.svg_ingress	2	fmn_python.svg_ingress > bootstrap
StringMobject.assign_labels_by_color	StringMobject	bootstrap	1	bootstrap
StringMobject.build_groups	StringMobject	bootstrap	1	bootstrap
StringMobject.build_parts_from_indices_lists	StringMobject	bootstrap	1	bootstrap
StringMobject.find_spans_by_selector	StringMobject	bootstrap	1	bootstrap
StringMobject.get_attr_dict_from_command_pair	StringMobject	bootstrap	1	bootstrap
StringMobject.get_command_flag	StringMobject	bootstrap	1	bootstrap
StringMobject.get_command_matches	StringMobject	bootstrap	1	bootstrap
StringMobject.get_command_string	StringMobject	bootstrap	1	bootstrap
StringMobject.get_configured_items	StringMobject	bootstrap	1	bootstrap
StringMobject.get_content	StringMobject	bootstrap	1	bootstrap
StringMobject.get_content_prefix_and_suffix	StringMobject	bootstrap	1	bootstrap
StringMobject.get_group_part_items	StringMobject	bootstrap	1	bootstrap
StringMobject.get_specified_part_items	StringMobject	bootstrap	1	bootstrap
StringMobject.get_specified_substrings	StringMobject	bootstrap	1	bootstrap
StringMobject.get_string	StringMobject	bootstrap	1	bootstrap
StringMobject.get_submob_indices_list_by_span	StringMobject	bootstrap	1	bootstrap
StringMobject.get_submob_indices_lists_by_selector	StringMobject	bootstrap	1	bootstrap
StringMobject.get_svg_string	StringMobject	bootstrap	1	bootstrap
StringMobject.get_svg_string_by_content	StringMobject	bootstrap	1	bootstrap
StringMobject.get_symbol_substrings	StringMobject	bootstrap	1	bootstrap
StringMobject.mobjects_from_svg_string	SVGMobject	fmn_python.svg_ingress	1	fmn_python.svg_ingress
StringMobject.parse	StringMobject	bootstrap	1	bootstrap
StringMobject.rearrange_submobjects_by_positions	StringMobject	bootstrap	1	bootstrap
StringMobject.replace_for_content	StringMobject	bootstrap	1	bootstrap
StringMobject.replace_for_matching	StringMobject	bootstrap	1	bootstrap
StringMobject.select_part	StringMobject	bootstrap	1	bootstrap
StringMobject.select_parts	StringMobject	bootstrap	1	bootstrap
StringMobject.select_unisolated_substring	StringMobject	bootstrap	1	bootstrap
StringMobject.set_parts_color	StringMobject	bootstrap	1	bootstrap
StringMobject.set_parts_color_by_dict	StringMobject	bootstrap	1	bootstrap
StringMobject.span_contains	StringMobject	bootstrap	1	bootstrap
StringMobject.substr_to_path_count	StringMobject	bootstrap	1	bootstrap
SVGMobject.__init__	SVGMobject	fmn_python.svg_ingress	2	fmn_python.svg_ingress > bootstrap
SVGMobject.apply_style_to_mobject	SVGMobject	bootstrap	1	bootstrap
SVGMobject.ellipse_to_mobject	SVGMobject	bootstrap	1	bootstrap
SVGMobject.file_name_to_svg_string	SVGMobject	bootstrap	1	bootstrap
SVGMobject.generate_config_style_dict	SVGMobject	bootstrap	1	bootstrap
SVGMobject.handle_transform	SVGMobject	bootstrap	1	bootstrap
SVGMobject.hash_seed	SVGMobject	bootstrap	1	bootstrap
SVGMobject.init_svg_mobject	SVGMobject	fmn_python.svg_ingress	1	fmn_python.svg_ingress
SVGMobject.line_to_mobject	SVGMobject	bootstrap	1	bootstrap
SVGMobject.mobjects_from_svg	SVGMobject	placeholder	1	placeholder
SVGMobject.mobjects_from_svg_string	SVGMobject	fmn_python.svg_ingress	1	fmn_python.svg_ingress
SVGMobject.modify_xml_tree	SVGMobject	bootstrap	1	bootstrap
SVGMobject.path_to_mobject	SVGMobject	bootstrap	1	bootstrap
SVGMobject.polygon_to_mobject	SVGMobject	bootstrap	1	bootstrap
SVGMobject.polyline_to_mobject	SVGMobject	bootstrap	1	bootstrap
SVGMobject.rect_to_mobject	SVGMobject	bootstrap	1	bootstrap
SVGMobject.text_to_mobject	SVGMobject	bootstrap	1	bootstrap
VMobjectFromSVGPath.__init__	VMobjectFromSVGPath	bootstrap	1	bootstrap
VMobjectFromSVGPath.handle_arc	VMobjectFromSVGPath	bootstrap	1	bootstrap
VMobjectFromSVGPath.handle_commands	VMobjectFromSVGPath	bootstrap	1	bootstrap
VMobjectFromSVGPath.init_points	VMobjectFromSVGPath	bootstrap	1	bootstrap
Tex.__init__	Tex	fmn_python.string_lifecycle	1	fmn_python.string_lifecycle
Tex.get_attr_dict_from_command_pair	StringMobject	bootstrap	1	bootstrap
Tex.get_color_command	Tex	bootstrap	1	bootstrap
Tex.get_command_flag	StringMobject	bootstrap	1	bootstrap
Tex.get_command_matches	StringMobject	bootstrap	1	bootstrap
Tex.get_command_string	StringMobject	bootstrap	1	bootstrap
Tex.get_configured_items	StringMobject	bootstrap	1	bootstrap
Tex.get_content_prefix_and_suffix	StringMobject	bootstrap	1	bootstrap
Tex.get_part_by_tex	Tex	bootstrap	1	bootstrap
Tex.get_parts_by_tex	Tex	bootstrap	1	bootstrap
Tex.get_svg_string_by_content	StringMobject	bootstrap	1	bootstrap
Tex.get_symbol_substrings	StringMobject	bootstrap	1	bootstrap
Tex.get_tex	Tex	bootstrap	1	bootstrap
Tex.make_number_changeable	Tex	fmn_python.live_tex	1	fmn_python.live_tex
Tex.replace_for_content	StringMobject	bootstrap	1	bootstrap
Tex.replace_for_matching	StringMobject	bootstrap	1	bootstrap
Tex.set_color_by_tex	Tex	bootstrap	1	bootstrap
Tex.set_color_by_tex_to_color_map	Tex	bootstrap	1	bootstrap
Tex.substr_to_path_count	StringMobject	bootstrap	1	bootstrap
Code.__init__	Code	fmn_python.text_authoring	2	fmn_python.text_authoring > bootstrap
MarkupText.__init__	MarkupText	fmn_python.text_authoring	2	fmn_python.text_authoring > bootstrap
MarkupText.escape_markup_char	MarkupText	bootstrap	1	bootstrap
MarkupText.get_attr_dict_from_command_pair	StringMobject	bootstrap	1	bootstrap
MarkupText.get_command_flag	StringMobject	bootstrap	1	bootstrap
MarkupText.get_command_matches	StringMobject	bootstrap	1	bootstrap
MarkupText.get_command_string	StringMobject	bootstrap	1	bootstrap
MarkupText.get_configured_items	StringMobject	bootstrap	1	bootstrap
MarkupText.get_content_prefix_and_suffix	StringMobject	bootstrap	1	bootstrap
MarkupText.get_part_by_text	MarkupText	fmn_python.text_authoring	1	fmn_python.text_authoring
MarkupText.get_parts_by_text	MarkupText	bootstrap	1	bootstrap
MarkupText.get_svg_string_by_content	StringMobject	bootstrap	1	bootstrap
MarkupText.get_text	MarkupText	bootstrap	1	bootstrap
MarkupText.replace_for_content	StringMobject	bootstrap	1	bootstrap
MarkupText.replace_for_matching	StringMobject	bootstrap	1	bootstrap
MarkupText.set_color_by_text	MarkupText	bootstrap	1	bootstrap
MarkupText.set_color_by_text_to_color_map	MarkupText	bootstrap	1	bootstrap
MarkupText.unescape_markup_char	MarkupText	bootstrap	1	bootstrap
Text.__init__	Text	bootstrap	1	bootstrap
Text.get_command_flag	StringMobject	bootstrap	1	bootstrap
Text.get_command_matches	StringMobject	bootstrap	1	bootstrap
Text.replace_for_content	StringMobject	bootstrap	1	bootstrap
Text.replace_for_matching	StringMobject	bootstrap	1	bootstrap
_Alignment.__init__	_Alignment	bootstrap	1	bootstrap
Cone.__init__	Cone	fmn_python.solid_lifecycle	1	fmn_python.solid_lifecycle
Cone.uv_func	Cone	bootstrap	1	bootstrap
Cube.__init__	Cube	fmn_python.solid_groups	1	fmn_python.solid_groups
Cylinder.__init__	Cylinder	fmn_python.solid_lifecycle	1	fmn_python.solid_lifecycle
Cylinder.init_points	Cylinder	fmn_python.solid_lifecycle	1	fmn_python.solid_lifecycle
Cylinder.uv_func	Cylinder	bootstrap	1	bootstrap
Disk3D.__init__	Disk3D	fmn_python.solid_lifecycle	1	fmn_python.solid_lifecycle
Disk3D.uv_func	Disk3D	bootstrap	1	bootstrap
Dodecahedron.__init__	Dodecahedron	fmn_python.vector_solid_groups	1	fmn_python.vector_solid_groups
Line3D.__init__	Line3D	fmn_python.solid_lifecycle	1	fmn_python.solid_lifecycle
Prism.__init__	Prism	fmn_python.solid_groups	1	fmn_python.solid_groups
Prismify.__init__	Prismify	fmn_python.vector_solid_groups	1	fmn_python.vector_solid_groups
Sphere.__init__	Sphere	fmn_python.solid_lifecycle	1	fmn_python.solid_lifecycle
Sphere.uv_func	Sphere	bootstrap	1	bootstrap
Square3D.__init__	Square3D	fmn_python.solid_lifecycle	1	fmn_python.solid_lifecycle
Square3D.uv_func	Square3D	bootstrap	1	bootstrap
SurfaceMesh.__init__	SurfaceMesh	fmn_python.surface_mesh	2	fmn_python.surface_mesh > bootstrap
SurfaceMesh.init_points	SurfaceMesh	fmn_python.surface_mesh	1	fmn_python.surface_mesh
Torus.__init__	Torus	fmn_python.solid_lifecycle	1	fmn_python.solid_lifecycle
Torus.uv_func	Torus	bootstrap	1	bootstrap
VCube.__init__	VCube	fmn_python.vector_solid_groups	1	fmn_python.vector_solid_groups
VGroup3D.__init__	VGroup3D	bootstrap	1	bootstrap
VPrism.__init__	VPrism	fmn_python.vector_solid_groups	1	fmn_python.vector_solid_groups
DotCloud.__init__	DotCloud	fmn_python.point_cloud_lifecycle	1	fmn_python.point_cloud_lifecycle
DotCloud.compute_bounding_box	DotCloud	bootstrap	1	bootstrap
DotCloud.get_glow_factor	DotCloud	bootstrap	1	bootstrap
DotCloud.get_radii	DotCloud	bootstrap	1	bootstrap
DotCloud.get_radius	DotCloud	bootstrap	1	bootstrap
DotCloud.init_uniforms	DotCloud	bootstrap	1	bootstrap
DotCloud.make_3d	DotCloud	bootstrap	1	bootstrap
DotCloud.scale	DotCloud	bootstrap	1	bootstrap
DotCloud.scale_radii	DotCloud	bootstrap	1	bootstrap
DotCloud.set_glow_factor	DotCloud	fmn_python.point_cloud_materials	1	fmn_python.point_cloud_materials
DotCloud.set_radii	DotCloud	bootstrap	1	bootstrap
DotCloud.set_radius	DotCloud	bootstrap	1	bootstrap
DotCloud.to_grid	DotCloud	bootstrap	1	bootstrap
GlowDot.__init__	GlowDot	bootstrap	1	bootstrap
GlowDots.__init__	GlowDots	fmn_python.point_cloud_lifecycle	1	fmn_python.point_cloud_lifecycle
TrueDot.__init__	TrueDot	bootstrap	1	bootstrap
ImageMobject.__init__	ImageMobject	fmn_python.image_authoring	1	fmn_python.image_authoring
ImageMobject.init_data	ImageMobject	fmn_python.image_authoring	1	fmn_python.image_authoring
ImageMobject.init_points	ImageMobject	fmn_python.image_authoring	1	fmn_python.image_authoring
ImageMobject.point_to_rgb	ImageMobject	bootstrap	1	bootstrap
ImageMobject.set_color	ImageMobject	bootstrap	1	bootstrap
ImageMobject.set_opacity	ImageMobject	bootstrap	1	bootstrap
PGroup.__init__	PGroup	fmn_python.point_cloud_lifecycle	1	fmn_python.point_cloud_lifecycle
PMobject.add_point	PMobject	bootstrap	1	bootstrap
PMobject.add_points	PMobject	bootstrap	1	bootstrap
PMobject.filter_out	PMobject	bootstrap	1	bootstrap
PMobject.ingest_submobjects	PMobject	bootstrap	1	bootstrap
PMobject.match_colors	PMobject	bootstrap	1	bootstrap
PMobject.point_from_proportion	PMobject	bootstrap	1	bootstrap
PMobject.pointwise_become_partial	PMobject	bootstrap	1	bootstrap
PMobject.set_color_by_gradient	PMobject	bootstrap	1	bootstrap
PMobject.set_points	PMobject	bootstrap	1	bootstrap
PMobject.sort_points	PMobject	bootstrap	1	bootstrap
ParametricSurface.__init__	ParametricSurface	fmn_python.surface_plotting	2	fmn_python.surface_plotting > fmn_python.surface_lifecycle
ParametricSurface.uv_func	ParametricSurface	bootstrap	1	bootstrap
SGroup.__init__	SGroup	bootstrap	1	bootstrap
SGroup.init_points	SGroup	bootstrap	1	bootstrap
Surface.__init__	Surface	fmn_python.surface_lifecycle	1	fmn_python.surface_lifecycle
Surface.always_sort_to_camera	Surface	bootstrap	1	bootstrap
Surface.apply_points_function	Surface	bootstrap	1	bootstrap
Surface.color_by_uv_function	Surface	bootstrap	1	bootstrap
Surface.compute_triangle_indices	Surface	bootstrap	1	bootstrap
Surface.get_partial_points_array	Surface	bootstrap	1	bootstrap
Surface.get_shader_vert_indices	Surface	bootstrap	1	bootstrap
Surface.get_triangle_indices	Surface	fmn_python.surface_alignment	2	fmn_python.surface_alignment > bootstrap
Surface.get_unit_normals	Surface	bootstrap	1	bootstrap
Surface.get_uv_grid	Surface	bootstrap	1	bootstrap
Surface.init_points	Surface	fmn_python.surface_lifecycle	2	fmn_python.surface_lifecycle > fmn_python.surface_geometry
Surface.pointwise_become_partial	Surface	bootstrap	1	bootstrap
Surface.sort_faces_back_to_front	Surface	bootstrap	1	bootstrap
Surface.uv_func	Surface	bootstrap	1	bootstrap
Surface.uv_to_point	Surface	bootstrap	1	bootstrap
TexturedGeometry.__init__	TexturedGeometry	fmn_python.surface_textures	1	fmn_python.surface_textures
TexturedGeometry.init_points	Surface	fmn_python.surface_lifecycle	2	fmn_python.surface_lifecycle > fmn_python.surface_geometry
TexturedSurface.__init__	TexturedSurface	fmn_python.surface_textures	1	fmn_python.surface_textures
TexturedSurface.init_points	Surface	fmn_python.surface_lifecycle	2	fmn_python.surface_lifecycle > fmn_python.surface_geometry
TexturedSurface.init_uniforms	Surface	fmn_python.surface_lifecycle	1	fmn_python.surface_lifecycle
TexturedSurface.pointwise_become_partial	Surface	bootstrap	1	bootstrap
TexturedSurface.set_color	TexturedSurface	fmn_python.surface_textures	1	fmn_python.surface_textures
TexturedSurface.set_image_coords_by_uv_func	TexturedSurface	fmn_python.surface_textures	1	fmn_python.surface_textures
TexturedSurface.set_opacity	TexturedSurface	fmn_python.surface_textures	1	fmn_python.surface_textures
ThreeDModel.__init__	ThreeDModel	fmn_python.obj_models	1	fmn_python.obj_models
ThreeDModel.get_textures_from_mtl	ThreeDModel	bootstrap	1	bootstrap
CurvesAsSubmobjects.__init__	CurvesAsSubmobjects	fmn_python.derived_curves	1	fmn_python.derived_curves
DashedVMobject.__init__	DashedVMobject	fmn_python.derived_curves	1	fmn_python.derived_curves
VGroup.__init__	VGroup	fmn_python.grouping	1	fmn_python.grouping
VHighlight.__init__	VHighlight	bootstrap	1	bootstrap
VMobject.__init__	VMobject	bootstrap	1	bootstrap
VMobject.add	Mobject	bootstrap	1	bootstrap
VMobject.add_arc_to	VMobject	bootstrap	1	bootstrap
VMobject.add_cubic_bezier_curve	VMobject	bootstrap	1	bootstrap
VMobject.add_cubic_bezier_curve_to	VMobject	bootstrap	1	bootstrap
VMobject.add_line_to	VMobject	bootstrap	1	bootstrap
VMobject.add_points_as_corners	VMobject	bootstrap	1	bootstrap
VMobject.add_quadratic_bezier_curve_to	VMobject	bootstrap	1	bootstrap
VMobject.add_smooth_cubic_curve_to	VMobject	bootstrap	1	bootstrap
VMobject.add_smooth_curve_to	VMobject	bootstrap	1	bootstrap
VMobject.add_subpath	VMobject	bootstrap	1	bootstrap
VMobject.align_points	VMobject	bootstrap	1	bootstrap
VMobject.append_points	VMobject	bootstrap	1	bootstrap
VMobject.append_vectorized_mobject	VMobject	bootstrap	1	bootstrap
VMobject.apply_depth_test	Mobject	bootstrap	2	bootstrap > bootstrap
VMobject.apply_function	VMobject	bootstrap	1	bootstrap
VMobject.apply_matrix	VMobject	bootstrap	1	bootstrap
VMobject.change_anchor_mode	VMobject	bootstrap	1	bootstrap
VMobject.close_path	VMobject	bootstrap	1	bootstrap
VMobject.consider_points_equal	VMobject	bootstrap	1	bootstrap
VMobject.curve_and_prop_of_partial_point	VMobject	placeholder	1	placeholder
VMobject.deactivate_depth_test	Mobject	bootstrap	2	bootstrap > bootstrap
VMobject.ensure_positive_orientation	VMobject	placeholder	1	placeholder
VMobject.fade	VMobject	bootstrap	1	bootstrap
VMobject.get_anchors	VMobject	bootstrap	1	bootstrap
VMobject.get_anchors_and_handles	VMobject	bootstrap	1	bootstrap
VMobject.get_anti_alias_width	VMobject	bootstrap	1	bootstrap
VMobject.get_arc_length	VMobject	bootstrap	1	bootstrap
VMobject.get_area_vector	VMobject	bootstrap	1	bootstrap
VMobject.get_bezier_tuples	VMobject	bootstrap	1	bootstrap
VMobject.get_bezier_tuples_from_points	VMobject	bootstrap	1	bootstrap
VMobject.get_color	VMobject	bootstrap	1	bootstrap
VMobject.get_end_anchors	VMobject	bootstrap	1	bootstrap
VMobject.get_fill_color	VMobject	bootstrap	1	bootstrap
VMobject.get_fill_colors	VMobject	bootstrap	1	bootstrap
VMobject.get_fill_opacities	VMobject	bootstrap	1	bootstrap
VMobject.get_fill_opacity	VMobject	bootstrap	1	bootstrap
VMobject.get_flat_stroke	VMobject	bootstrap	1	bootstrap
VMobject.get_group_class	VMobject	bootstrap	1	bootstrap
VMobject.get_joint_angles	VMobject	placeholder	1	placeholder
VMobject.get_joint_type	VMobject	bootstrap	1	bootstrap
VMobject.get_last_point	VMobject	bootstrap	1	bootstrap
VMobject.get_nth_curve_function	VMobject	bootstrap	1	bootstrap
VMobject.get_nth_curve_points	VMobject	bootstrap	1	bootstrap
VMobject.get_num_curves	VMobject	bootstrap	1	bootstrap
VMobject.get_opacity	VMobject	bootstrap	1	bootstrap
VMobject.get_outer_vert_indices	VMobject	placeholder	1	placeholder
VMobject.get_points_without_null_curves	VMobject	bootstrap	1	bootstrap
VMobject.get_reflection_of_last_handle	VMobject	bootstrap	1	bootstrap
VMobject.get_scale_stroke_with_zoom	VMobject	bootstrap	1	bootstrap
VMobject.get_shader_data	Mobject	fmn_python.point_editing	1	fmn_python.point_editing
VMobject.get_shader_vert_indices	Mobject	bootstrap	1	bootstrap
VMobject.get_start_anchors	VMobject	bootstrap	1	bootstrap
VMobject.get_stroke_color	VMobject	bootstrap	1	bootstrap
VMobject.get_stroke_colors	VMobject	bootstrap	1	bootstrap
VMobject.get_stroke_opacities	VMobject	bootstrap	1	bootstrap
VMobject.get_stroke_opacity	VMobject	bootstrap	1	bootstrap
VMobject.get_stroke_width	VMobject	bootstrap	1	bootstrap
VMobject.get_stroke_widths	VMobject	bootstrap	1	bootstrap
VMobject.get_style	VMobject	bootstrap	1	bootstrap
VMobject.get_subcurve	VMobject	bootstrap	1	bootstrap
VMobject.get_subpath_end_indices	VMobject	bootstrap	1	bootstrap
VMobject.get_subpath_end_indices_from_points	VMobject	bootstrap	1	bootstrap
VMobject.get_subpaths	VMobject	bootstrap	1	bootstrap
VMobject.get_subpaths_from_points	VMobject	bootstrap	1	bootstrap
VMobject.get_triangulation	VMobject	placeholder	1	placeholder
VMobject.get_unit_normal	VMobject	bootstrap	1	bootstrap
VMobject.has_fill	VMobject	bootstrap	1	bootstrap
VMobject.has_new_path_started	VMobject	bootstrap	1	bootstrap
VMobject.has_stroke	VMobject	bootstrap	1	bootstrap
VMobject.init_colors	VMobject	bootstrap	1	bootstrap
VMobject.init_shader_wrapper	Mobject	bootstrap	1	bootstrap
VMobject.init_uniforms	Mobject	bootstrap	1	bootstrap
VMobject.insert_n_curves	VMobject	bootstrap	1	bootstrap
VMobject.insert_n_curves_to_point_list	VMobject	bootstrap	1	bootstrap
VMobject.is_closed	VMobject	bootstrap	1	bootstrap
VMobject.is_smooth	VMobject	bootstrap	1	bootstrap
VMobject.lock_matching_data	Mobject	bootstrap	1	bootstrap
VMobject.make_approximately_smooth	VMobject	bootstrap	1	bootstrap
VMobject.make_jagged	VMobject	bootstrap	1	bootstrap
VMobject.make_smooth	VMobject	bootstrap	1	bootstrap
VMobject.match_style	VMobject	bootstrap	1	bootstrap
VMobject.point_from_proportion	VMobject	bootstrap	1	bootstrap
VMobject.pointwise_become_partial	VMobject	bootstrap	1	bootstrap
VMobject.quick_point_from_proportion	VMobject	bootstrap	1	bootstrap
VMobject.refresh_joint_angles	VMobject	bootstrap	1	bootstrap
VMobject.refresh_shader_wrapper_id	Mobject	bootstrap	1	bootstrap
VMobject.refresh_unit_normal	VMobject	placeholder	1	placeholder
VMobject.replace_shader_code	Mobject	bootstrap	1	bootstrap
VMobject.reverse_points	VMobject	bootstrap	1	bootstrap
VMobject.rotate	Mobject	fmn_python.point_editing	2	fmn_python.point_editing > bootstrap
VMobject.set_anchors_and_handles	VMobject	bootstrap	1	bootstrap
VMobject.set_animating_status	Mobject	bootstrap	1	bootstrap
VMobject.set_anti_alias_width	VMobject	bootstrap	1	bootstrap
VMobject.set_backstroke	VMobject	bootstrap	1	bootstrap
VMobject.set_color	VMobject	bootstrap	1	bootstrap
VMobject.set_color_by_code	Mobject	bootstrap	1	bootstrap
VMobject.set_color_by_proportion	VMobject	placeholder	1	placeholder
VMobject.set_data	Mobject	bootstrap	1	bootstrap
VMobject.set_fill	VMobject	bootstrap	1	bootstrap
VMobject.set_flat_stroke	VMobject	bootstrap	1	bootstrap
VMobject.set_joint_type	VMobject	bootstrap	1	bootstrap
VMobject.set_opacity	VMobject	bootstrap	1	bootstrap
VMobject.set_points	VMobject	bootstrap	1	bootstrap
VMobject.set_points_as_corners	VMobject	bootstrap	1	bootstrap
VMobject.set_points_smoothly	VMobject	bootstrap	1	bootstrap
VMobject.set_scale_stroke_with_zoom	VMobject	bootstrap	1	bootstrap
VMobject.set_stroke	VMobject	bootstrap	1	bootstrap
VMobject.set_style	VMobject	fmn_python.svg_ingress	2	fmn_python.svg_ingress > bootstrap
VMobject.start_new_path	VMobject	bootstrap	1	bootstrap
VMobject.stretch	Mobject	bootstrap	1	bootstrap
VMobject.subdivide_curves_by_condition	VMobject	bootstrap	1	bootstrap
VMobject.subdivide_intersections	VMobject	bootstrap	1	bootstrap
VMobject.subdivide_sharp_curves	VMobject	bootstrap	1	bootstrap
VMobject.triggers_refresh	VMobject	placeholder	1	placeholder
VMobject.use_winding_fill	VMobject	bootstrap	1	bootstrap
VectorizedPoint.__init__	VectorizedPoint	bootstrap	1	bootstrap
ExponentialValueTracker.get_value	ValueTracker	bootstrap	1	bootstrap
ExponentialValueTracker.set_value	ValueTracker	bootstrap	1	bootstrap
ValueTracker.__init__	ValueTracker	fmn_python.tracker_lifecycle	1	fmn_python.tracker_lifecycle
ValueTracker.get_value	ValueTracker	bootstrap	1	bootstrap
ValueTracker.increment_value	ValueTracker	bootstrap	1	bootstrap
ValueTracker.init_uniforms	ValueTracker	fmn_python.tracker_lifecycle	1	fmn_python.tracker_lifecycle
ValueTracker.set_value	ValueTracker	bootstrap	1	bootstrap
AnimatedStreamLines.__init__	AnimatedStreamLines	fmn_python.streamline_animation	1	fmn_python.streamline_animation
AnimatedStreamLines.update	AnimatedStreamLines	fmn_python.streamline_animation	1	fmn_python.streamline_animation
StreamLines.__init__	StreamLines	fmn_python.streamlines	3	fmn_python.streamlines > fmn_python.streamline_authoring > bootstrap
StreamLines.draw_lines	StreamLines	fmn_python.streamline_rebuild	1	fmn_python.streamline_rebuild
StreamLines.get_sample_coords	StreamLines	fmn_python.streamlines	1	fmn_python.streamlines
StreamLines.init_style	StreamLines	fmn_python.streamline_authoring	1	fmn_python.streamline_authoring
StreamLines.point_func	StreamLines	fmn_python.streamline_authoring	1	fmn_python.streamline_authoring
TimeVaryingVectorField.__init__	TimeVaryingVectorField	bootstrap	1	bootstrap
TimeVaryingVectorField.increment_time	TimeVaryingVectorField	bootstrap	1	bootstrap
VectorField.__init__	VectorField	fmn_python.vector_field_lifecycle	1	fmn_python.vector_field_lifecycle
VectorField.get_sample_points	VectorField	bootstrap	1	bootstrap
VectorField.init_base_stroke_width_array	VectorField	fmn_python.vector_fields	1	fmn_python.vector_fields
VectorField.init_points	VectorField	bootstrap	1	bootstrap
VectorField.set_sample_coords	VectorField	fmn_python.vector_fields	1	fmn_python.vector_fields
VectorField.set_stroke	VectorField	bootstrap	1	bootstrap
VectorField.set_stroke_width	VectorField	bootstrap	1	bootstrap
VectorField.update_sample_points	VectorField	fmn_python.vector_fields	1	fmn_python.vector_fields
VectorField.update_vectors	VectorField	fmn_python.vector_fields	1	fmn_python.vector_fields
ModuleLoader.get_module	ModuleLoader	bootstrap	1	bootstrap
InteractiveScene.add	InteractiveScene	bootstrap	1	bootstrap
InteractiveScene.add_to_selection	InteractiveScene	bootstrap	1	bootstrap
InteractiveScene.choose_color	InteractiveScene	fmn_python.interactive_editing	1	fmn_python.interactive_editing
InteractiveScene.clear_selection	InteractiveScene	bootstrap	1	bootstrap
InteractiveScene.copy_cursor_position	InteractiveScene	bootstrap	1	bootstrap
InteractiveScene.copy_frame_positioning	InteractiveScene	bootstrap	1	bootstrap
InteractiveScene.copy_selection	InteractiveScene	bootstrap	1	bootstrap
InteractiveScene.delete_selection	InteractiveScene	bootstrap	1	bootstrap
InteractiveScene.disable_interaction	InteractiveScene	bootstrap	1	bootstrap
InteractiveScene.display_information	InteractiveScene	bootstrap	1	bootstrap
InteractiveScene.enable_interaction	InteractiveScene	bootstrap	1	bootstrap
InteractiveScene.enable_selection	InteractiveScene	bootstrap	1	bootstrap
InteractiveScene.gather_new_selection	InteractiveScene	fmn_python.interactive_editing	1	fmn_python.interactive_editing
InteractiveScene.get_color_palette	InteractiveScene	bootstrap	1	bootstrap
InteractiveScene.get_corner_dots	InteractiveScene	bootstrap	1	bootstrap
InteractiveScene.get_crosshair	InteractiveScene	bootstrap	1	bootstrap
InteractiveScene.get_highlight	InteractiveScene	bootstrap	1	bootstrap
InteractiveScene.get_information_label	InteractiveScene	bootstrap	1	bootstrap
InteractiveScene.get_selection_highlight	InteractiveScene	bootstrap	1	bootstrap
InteractiveScene.get_selection_rectangle	InteractiveScene	bootstrap	1	bootstrap
InteractiveScene.get_selection_search_set	InteractiveScene	bootstrap	1	bootstrap
InteractiveScene.get_state	InteractiveScene	fmn_python.interactive_editing	1	fmn_python.interactive_editing
InteractiveScene.group_selection	InteractiveScene	bootstrap	1	bootstrap
InteractiveScene.handle_grabbing	InteractiveScene	fmn_python.interactive_editing	1	fmn_python.interactive_editing
InteractiveScene.handle_resizing	InteractiveScene	fmn_python.interactive_editing	1	fmn_python.interactive_editing
InteractiveScene.handle_sweeping_selection	InteractiveScene	fmn_python.interactive_editing	1	fmn_python.interactive_editing
InteractiveScene.nudge_selection	InteractiveScene	bootstrap	1	bootstrap
InteractiveScene.on_key_press	InteractiveScene	fmn_python.interaction	2	fmn_python.interaction > fmn_python.interactive_editing
InteractiveScene.on_key_release	InteractiveScene	fmn_python.interaction	2	fmn_python.interaction > fmn_python.interactive_editing
InteractiveScene.on_mouse_drag	InteractiveScene	fmn_python.interaction	2	fmn_python.interaction > fmn_python.interactive_editing
InteractiveScene.on_mouse_motion	InteractiveScene	fmn_python.interaction	2	fmn_python.interaction > fmn_python.interactive_editing
InteractiveScene.on_mouse_release	InteractiveScene	fmn_python.interaction	2	fmn_python.interaction > bootstrap
InteractiveScene.paste_selection	InteractiveScene	bootstrap	1	bootstrap
InteractiveScene.prepare_grab	InteractiveScene	fmn_python.interactive_editing	1	fmn_python.interactive_editing
InteractiveScene.prepare_resizing	InteractiveScene	fmn_python.interactive_editing	1	fmn_python.interactive_editing
InteractiveScene.refresh_selection_scope	InteractiveScene	bootstrap	1	bootstrap
InteractiveScene.regenerate_selection_search_set	InteractiveScene	fmn_python.interactive_editing	1	fmn_python.interactive_editing
InteractiveScene.remove	InteractiveScene	bootstrap	1	bootstrap
InteractiveScene.remove_all_except	InteractiveScene	bootstrap	1	bootstrap
InteractiveScene.restore_state	InteractiveScene	fmn_python.interactive_editing	1	fmn_python.interactive_editing
InteractiveScene.setup	InteractiveScene	bootstrap	1	bootstrap
InteractiveScene.toggle_color_palette	InteractiveScene	fmn_python.interactive_editing	1	fmn_python.interactive_editing
InteractiveScene.toggle_from_selection	InteractiveScene	bootstrap	1	bootstrap
InteractiveScene.toggle_selection_mode	InteractiveScene	bootstrap	1	bootstrap
InteractiveScene.ungroup_selection	InteractiveScene	bootstrap	1	bootstrap
InteractiveScene.update_selection_highlight	InteractiveScene	bootstrap	1	bootstrap
InteractiveScene.update_selection_rectangle	InteractiveScene	bootstrap	1	bootstrap
Scene.__init__	Scene	fmn_python.camera_lifecycle	1	fmn_python.camera_lifecycle
Scene.add	Scene	bootstrap	1	bootstrap
Scene.add_mobjects_among	Scene	bootstrap	1	bootstrap
Scene.add_sound	Scene	bootstrap	1	bootstrap
Scene.affects_mobject_list	Scene	bootstrap	1	bootstrap
Scene.assemble_render_groups	Scene	bootstrap	1	bootstrap
Scene.begin_animations	Scene	bootstrap	1	bootstrap
Scene.bring_to_back	_SceneCore	native	1	native
Scene.bring_to_front	_SceneCore	native	1	native
Scene.clear	_SceneCore	native	1	native
Scene.construct	Scene	bootstrap	1	bootstrap
Scene.embed	Scene	fmn_python.project_editor	2	fmn_python.project_editor > bootstrap
Scene.emit_frame	Scene	bootstrap	1	bootstrap
Scene.finish_animations	Scene	bootstrap	1	bootstrap
Scene.focus	Scene	bootstrap	1	bootstrap
Scene.force_skipping	Scene	bootstrap	1	bootstrap
Scene.get_animation_time_progression	Scene	bootstrap	1	bootstrap
Scene.get_group	Scene	bootstrap	1	bootstrap
Scene.get_image	Scene	bootstrap	1	bootstrap
Scene.get_mobject_copies	Scene	bootstrap	1	bootstrap
Scene.get_mobject_family_members	Scene	bootstrap	1	bootstrap
Scene.get_mobjects	_SceneCore	native	1	native
Scene.get_run_time	Scene	bootstrap	1	bootstrap
Scene.get_state	Scene	bootstrap	1	bootstrap
Scene.get_time	Scene	bootstrap	1	bootstrap
Scene.get_time_progression	Scene	bootstrap	1	bootstrap
Scene.get_top_level_mobjects	Scene	bootstrap	1	bootstrap
Scene.get_wait_time_progression	Scene	bootstrap	1	bootstrap
Scene.get_window	Scene	bootstrap	1	bootstrap
Scene.hold_loop	Scene	bootstrap	1	bootstrap
Scene.i2g	Scene	bootstrap	1	bootstrap
Scene.i2m	Scene	bootstrap	1	bootstrap
Scene.id_to_mobject	Scene	bootstrap	1	bootstrap
Scene.ids_to_group	Scene	bootstrap	1	bootstrap
Scene.increment_time	Scene	bootstrap	1	bootstrap
Scene.interact	Scene	bootstrap	1	bootstrap
Scene.is_window_closing	Scene	bootstrap	1	bootstrap
Scene.on_close	Scene	bootstrap	1	bootstrap
Scene.on_hide	Scene	bootstrap	1	bootstrap
Scene.on_key_press	Scene	fmn_python.interaction	2	fmn_python.interaction > bootstrap
Scene.on_key_release	Scene	fmn_python.interaction	2	fmn_python.interaction > bootstrap
Scene.on_mouse_drag	Scene	fmn_python.interaction	2	fmn_python.interaction > bootstrap
Scene.on_mouse_motion	Scene	fmn_python.interaction	2	fmn_python.interaction > bootstrap
Scene.on_mouse_press	Scene	fmn_python.interaction	2	fmn_python.interaction > bootstrap
Scene.on_mouse_release	Scene	fmn_python.interaction	2	fmn_python.interaction > bootstrap
Scene.on_mouse_scroll	Scene	fmn_python.interaction	2	fmn_python.interaction > bootstrap
Scene.on_resize	Scene	bootstrap	1	bootstrap
Scene.on_show	Scene	bootstrap	1	bootstrap
Scene.play	Scene	fmn_python.scene_execution	15	fmn_python.scene_execution > fmn_python.camera_callbacks > fmn_python.live_rates > fmn_python.update_animations > fmn_python.indication > fmn_python.rotation > fmn_python.movement > fmn_python.playback > fmn_python.fading > fmn_python.fading > semantics > semantics > semantics > semantics > bootstrap
Scene.point_to_mobject	Scene	bootstrap	1	bootstrap
Scene.post_play	Scene	bootstrap	1	bootstrap
Scene.pre_play	Scene	bootstrap	1	bootstrap
Scene.progress_through_animations	Scene	bootstrap	1	bootstrap
Scene.redo	Scene	fmn_python.scene_state	1	fmn_python.scene_state
Scene.remove	_SceneCore	native	1	native
Scene.remove_all_except	_SceneCore	native	1	native
Scene.replace	_SceneCore	native	1	native
Scene.restore_state	Scene	bootstrap	1	bootstrap
Scene.revert_to_original_skipping_status	Scene	bootstrap	1	bootstrap
Scene.run	Scene	bootstrap	1	bootstrap
Scene.save_state	Scene	fmn_python.scene_state	1	fmn_python.scene_state
Scene.set_background_color	Scene	bootstrap	1	bootstrap
Scene.set_floor_plane	Scene	bootstrap	1	bootstrap
Scene.setup	Scene	bootstrap	1	bootstrap
Scene.should_update_mobjects	Scene	fmn_python.updater_dispatch	1	fmn_python.updater_dispatch
Scene.show	Scene	bootstrap	1	bootstrap
Scene.stop_skipping	Scene	bootstrap	1	bootstrap
Scene.tear_down	Scene	bootstrap	1	bootstrap
Scene.temp_config_change	Scene	bootstrap	1	bootstrap
Scene.temp_progress_bar	Scene	contextlib	2	contextlib > bootstrap
Scene.temp_record	Scene	contextlib	2	contextlib > bootstrap
Scene.temp_skip	Scene	contextlib	2	contextlib > bootstrap
Scene.undo	Scene	fmn_python.scene_state	1	fmn_python.scene_state
Scene.update_frame	Scene	bootstrap	1	bootstrap
Scene.update_mobjects	Scene	fmn_python.updater_dispatch	1	fmn_python.updater_dispatch
Scene.update_skipping_status	Scene	bootstrap	1	bootstrap
Scene.wait	Scene	fmn_python.scene_execution	2	fmn_python.scene_execution > bootstrap
Scene.wait_until	Scene	bootstrap	1	bootstrap
SceneState.__init__	SceneState	fmn_python.scene_state	1	fmn_python.scene_state
SceneState.mobjects_match	SceneState	fmn_python.scene_state	1	fmn_python.scene_state
SceneState.n_changes	SceneState	fmn_python.scene_state	1	fmn_python.scene_state
SceneState.restore_scene	SceneState	fmn_python.scene_state	2	fmn_python.scene_state > bootstrap
ThreeDScene.add	ThreeDScene	bootstrap	1	bootstrap
CheckpointManager.__init__	CheckpointManager	fmn_python.embedded_shell	1	fmn_python.embedded_shell
CheckpointManager.checkpoint_paste	CheckpointManager	fmn_python.embedded_shell	1	fmn_python.embedded_shell
CheckpointManager.clear_checkpoints	CheckpointManager	fmn_python.embedded_shell	1	fmn_python.embedded_shell
CheckpointManager.get_leading_comment	CheckpointManager	bootstrap	1	bootstrap
CheckpointManager.handle_checkpoint_key	CheckpointManager	fmn_python.embedded_shell	1	fmn_python.embedded_shell
InteractiveSceneEmbed.__init__	InteractiveSceneEmbed	fmn_python.embedded_shell	1	fmn_python.embedded_shell
InteractiveSceneEmbed.auto_reload	InteractiveSceneEmbed	fmn_python.project_autorebuild	2	fmn_python.project_autorebuild > fmn_python.source_autoreload
InteractiveSceneEmbed.checkpoint_paste	InteractiveSceneEmbed	fmn_python.embedded_shell	1	fmn_python.embedded_shell
InteractiveSceneEmbed.enable_gui	InteractiveSceneEmbed	bootstrap	1	bootstrap
InteractiveSceneEmbed.ensure_flash_on_error	InteractiveSceneEmbed	bootstrap	1	bootstrap
InteractiveSceneEmbed.ensure_frame_update_post_cell	InteractiveSceneEmbed	fmn_python.project_autorebuild	4	fmn_python.project_autorebuild > fmn_python.project_editor > fmn_python.source_autoreload > fmn_python.embedded_shell
InteractiveSceneEmbed.get_ipython_shell_for_embedded_scene	InteractiveSceneEmbed	fmn_python.embedded_shell	1	fmn_python.embedded_shell
InteractiveSceneEmbed.get_shortcuts	InteractiveSceneEmbed	fmn_python.project_autorebuild	5	fmn_python.project_autorebuild > fmn_python.project_editor > fmn_python.source_autoreload > fmn_python.embedded_shell > bootstrap
InteractiveSceneEmbed.launch	InteractiveSceneEmbed	fmn_python.project_autorebuild	4	fmn_python.project_autorebuild > fmn_python.project_editor > fmn_python.source_autoreload > fmn_python.embedded_shell
InteractiveSceneEmbed.reload_scene	InteractiveSceneEmbed	fmn_python.project_editor	2	fmn_python.project_editor > bootstrap
InteractiveSceneEmbed.validate_syntax	InteractiveSceneEmbed	bootstrap	1	bootstrap
SceneFileWriter.__init__	SceneFileWriter	bootstrap	1	bootstrap
SceneFileWriter.add_audio_segment	SceneFileWriter	bootstrap	1	bootstrap
SceneFileWriter.add_sound	SceneFileWriter	bootstrap	1	bootstrap
SceneFileWriter.add_sound_to_video	SceneFileWriter	bootstrap	1	bootstrap
SceneFileWriter.begin	SceneFileWriter	bootstrap	1	bootstrap
SceneFileWriter.begin_animation	SceneFileWriter	fmn_python.scene_execution	2	fmn_python.scene_execution > bootstrap
SceneFileWriter.begin_insert	SceneFileWriter	bootstrap	1	bootstrap
SceneFileWriter.close_movie_pipe	SceneFileWriter	bootstrap	1	bootstrap
SceneFileWriter.create_audio_segment	SceneFileWriter	bootstrap	1	bootstrap
SceneFileWriter.end_animation	SceneFileWriter	fmn_python.scene_execution	2	fmn_python.scene_execution > bootstrap
SceneFileWriter.end_insert	SceneFileWriter	bootstrap	1	bootstrap
SceneFileWriter.finish	SceneFileWriter	bootstrap	1	bootstrap
SceneFileWriter.get_image_file_path	SceneFileWriter	bootstrap	1	bootstrap
SceneFileWriter.get_insert_file_path	SceneFileWriter	bootstrap	1	bootstrap
SceneFileWriter.get_movie_file_path	SceneFileWriter	bootstrap	1	bootstrap
SceneFileWriter.get_next_partial_movie_path	SceneFileWriter	bootstrap	1	bootstrap
SceneFileWriter.get_output_file_name	SceneFileWriter	bootstrap	1	bootstrap
SceneFileWriter.get_output_file_rootname	SceneFileWriter	bootstrap	1	bootstrap
SceneFileWriter.has_progress_display	SceneFileWriter	bootstrap	1	bootstrap
SceneFileWriter.init_audio	SceneFileWriter	bootstrap	1	bootstrap
SceneFileWriter.init_image_file_path	SceneFileWriter	bootstrap	1	bootstrap
SceneFileWriter.init_movie_file_path	SceneFileWriter	bootstrap	1	bootstrap
SceneFileWriter.init_output_directories	SceneFileWriter	bootstrap	1	bootstrap
SceneFileWriter.init_partial_movie_directory	SceneFileWriter	bootstrap	1	bootstrap
SceneFileWriter.open_file	SceneFileWriter	bootstrap	1	bootstrap
SceneFileWriter.open_movie_pipe	SceneFileWriter	bootstrap	1	bootstrap
SceneFileWriter.print_file_ready_message	SceneFileWriter	bootstrap	1	bootstrap
SceneFileWriter.save_final_image	SceneFileWriter	fmn_python.camera_capture	1	fmn_python.camera_capture
SceneFileWriter.set_progress_display_description	SceneFileWriter	bootstrap	1	bootstrap
SceneFileWriter.should_open_file	SceneFileWriter	bootstrap	1	bootstrap
SceneFileWriter.use_fast_encoding	SceneFileWriter	bootstrap	1	bootstrap
SceneFileWriter.write_frame	SceneFileWriter	bootstrap	1	bootstrap
ShaderWrapper.__init__	ShaderWrapper	bootstrap	1	bootstrap
ShaderWrapper.add_texture	ShaderWrapper	placeholder	1	placeholder
ShaderWrapper.bind_to_mobject_uniforms	ShaderWrapper	placeholder	1	placeholder
ShaderWrapper.generate_vaos	ShaderWrapper	placeholder	1	placeholder
ShaderWrapper.get_id	ShaderWrapper	placeholder	1	placeholder
ShaderWrapper.init_program	ShaderWrapper	placeholder	1	placeholder
ShaderWrapper.init_program_code	ShaderWrapper	placeholder	1	placeholder
ShaderWrapper.init_textures	ShaderWrapper	placeholder	1	placeholder
ShaderWrapper.init_vertex_objects	ShaderWrapper	placeholder	1	placeholder
ShaderWrapper.num_clip_planes	ShaderWrapper	placeholder	1	placeholder
ShaderWrapper.pre_render	ShaderWrapper	placeholder	1	placeholder
ShaderWrapper.read_in	ShaderWrapper	placeholder	1	placeholder
ShaderWrapper.refresh_id	ShaderWrapper	placeholder	1	placeholder
ShaderWrapper.release	ShaderWrapper	placeholder	1	placeholder
ShaderWrapper.release_textures	ShaderWrapper	placeholder	1	placeholder
ShaderWrapper.render	ShaderWrapper	placeholder	1	placeholder
ShaderWrapper.replace_code	ShaderWrapper	placeholder	1	placeholder
ShaderWrapper.set_ctx_clip_plane	ShaderWrapper	placeholder	1	placeholder
ShaderWrapper.set_ctx_depth_test	ShaderWrapper	placeholder	1	placeholder
ShaderWrapper.update_program_uniforms	ShaderWrapper	placeholder	1	placeholder
VShaderWrapper.__init__	VShaderWrapper	bootstrap	1	bootstrap
VShaderWrapper.generate_vaos	ShaderWrapper	placeholder	1	placeholder
VShaderWrapper.get_fill_canvas	VShaderWrapper	placeholder	1	placeholder
VShaderWrapper.init_program	ShaderWrapper	placeholder	1	placeholder
VShaderWrapper.init_program_code	ShaderWrapper	placeholder	1	placeholder
VShaderWrapper.init_vertex_objects	ShaderWrapper	placeholder	1	placeholder
VShaderWrapper.refresh_id	ShaderWrapper	placeholder	1	placeholder
VShaderWrapper.render	ShaderWrapper	placeholder	1	placeholder
VShaderWrapper.render_fill	VShaderWrapper	placeholder	1	placeholder
VShaderWrapper.render_stroke	VShaderWrapper	placeholder	1	placeholder
VShaderWrapper.replace_code_program	VShaderWrapper	placeholder	1	placeholder
VShaderWrapper.set_backstroke	VShaderWrapper	placeholder	1	placeholder
Window.__init__	Window	bootstrap	1	bootstrap
Window.focus	Window	placeholder	1	placeholder
Window.get_default_size	Window	placeholder	1	placeholder
Window.get_monitor	Window	placeholder	1	placeholder
Window.has_undrawn_event	Window	placeholder	1	placeholder
Window.init_for_scene	Window	placeholder	1	placeholder
Window.is_key_pressed	Window	placeholder	1	placeholder
Window.note_undrawn_event	Window	placeholder	1	placeholder
Window.on_close	Window	placeholder	1	placeholder
Window.on_hide	Window	placeholder	1	placeholder
Window.on_key_press	Window	placeholder	1	placeholder
Window.on_key_release	Window	placeholder	1	placeholder
Window.on_mouse_drag	Window	placeholder	1	placeholder
Window.on_mouse_motion	Window	placeholder	1	placeholder
Window.on_mouse_press	Window	placeholder	1	placeholder
Window.on_mouse_release	Window	placeholder	1	placeholder
Window.on_mouse_scroll	Window	placeholder	1	placeholder
Window.on_resize	Window	placeholder	1	placeholder
Window.on_show	Window	placeholder	1	placeholder
Window.pixel_coords_to_space_coords	Window	placeholder	1	placeholder
Window.position_from_string	Window	placeholder	1	placeholder
Window.swap_buffers	Window	placeholder	1	placeholder
Window.to_default_position	Window	placeholder	1	placeholder
